object_id,total_views,size_MB,object_type,object_age_days,social_trend_score,spike_day,trend_start_day,optimal_promotion_day,days_until_optimal_promotion,avg_30d,avg_14d,avg_7d,avg_3d,volatility,trend_acceleration,pre_spike_avg,post_spike_avg,day_0_views,day_1_views,day_2_views,day_3_views,day_4_views,day_5_views,day_6_views,day_7_views,day_8_views,day_9_views,day_10_views,day_11_views,day_12_views,day_13_views,day_14_views,day_15_views,day_16_views,day_17_views,day_18_views,day_19_views,day_20_views,day_21_views,day_22_views,day_23_views,day_24_views,day_25_views,day_26_views,day_27_views,day_28_views,day_29_views
obj_1,431018,2,image,124,49.64169821030049,17,4,17,17,14367.266666666666,2248.3571428571427,74.28571428571429,10,1.1801242454172265,-507.5,3737.823529411765,28267.30769230769,8,14,8,18,16,117,339,908,1463,2872,3001,2495,9418,10800,8379,12525,11162,58032,51942,57435,43170,27291,22756,17472,19573,19097,16408,15513,10646,8140
obj_2,7928,2,music,145,100,8,4,11,11,264.26666666666665,128.35714285714286,59.857142857142854,16.333333333333332,0.6523680740660621,-20.25,65.25,336.6363636363636,1,17,31,47,65,112,146,103,128,154,165,249,338,241,221,218,231,241,357,451,337,303,404,326,358,472,736,497,473,506
obj_8,808384,1,document,94,76.09188142392752,13,10,13,13,26946.133333333335,8039.5,12.142857142857142,11,0.9937828503489048,-726.75,1543.923076923077,46371.35294117647,10,11,12,14,14,21,3,19,18,3,19,1927,18000,92482,75750,57777,59225,43742,55422,71002,50105,40693,31232,31427,35493,38958,34377,29498,20286,20844
obj_10,81592,3,image,41,94.59261861079513,15,13,15,15,2719.733333333333,10,9.857142857142858,10,1.157690412842734,-128.5,41.8,5397.666666666667,16,8,6,13,10,6,10,18,5,9,4,20,14,1,487,8915,8948,7644,7967,8344,6843,4757,3986,4354,3276,3925,3548,3687,2318,2453
obj_12,199311,623,video,119,56.39648701143419,19,12,18,18,6643.7,25.285714285714285,15.428571428571429,14.666666666666666,1.7849241752650002,417,702.2631578947369,16906.18181818182,17,14,13,10,18,22,14,16,17,4,1,10,26,172,627,699,2272,3241,6150,52761,36162,22987,16293,14488,13295,9991,7866,5775,3993,2357
obj_15,463488,6,music,76,53.77988194,13,8,12,12,15449.6,8045.357142857143,12,9.333333333333334,1.3276263636278114,70.25,2149.846153846154,25620,15,8,5,16,5,18,17,2,19,832,1675,7684,17652,84687,55383,45855,47524,36629,29173,35264,25971,11802,11175,9323,9400,9031,10318,6291,3901,3813
obj_18,6538,6,music,174,100,8,4,18,18,217.93333333333334,103.14285714285714,49,12.333333333333334,0.6061773640189032,-34.25,54.125,277.5,1,12,24,50,55,106,95,90,99,114,161,163,249,225,201,237,235,223,236,346,362,231,295,321,331,446,441,391,410,388
obj_20,7330,5,music,155,100,6,2,18,18,244.33333333333334,126.5,63.857142857142854,16.333333333333332,0.6218112822154708,6.5,51.333333333333336,292.5833333333333,1,13,35,50,84,125,139,97,131,128,161,205,305,297,228,214,228,301,285,354,360,282,297,302,317,356,685,501,392,457
obj_29,8765,111,video,162,100,7,3,25,25,292.1666666666667,138.64285714285714,67.85714285714286,17.333333333333332,0.6398168556366418,-54.5,67.85714285714286,360.4347826086956,1,18,33,58,91,140,134,135,133,178,155,266,325,274,209,253,239,275,384,489,472,418,378,403,375,553,635,709,536,496
obj_30,465022,3754,video,85,47.616391404010514,16,13,15,15,15500.733333333334,11.142857142857142,8.857142857142858,6,1.2979654547334736,-322.75,607.375,32521.714285714286,10,4,4,8,1,18,17,10,15,13,10,11,22,13,2602,6960,64674,57635,51662,51688,46582,29645,32248,25645,22625,21385,19670,12910,10733,8202
obj_33,564702,4837,video,155,100,16,13,15,15,18823.4,11.5,12.714285714285714,14.333333333333334,1.2281051853159952,1170.75,371.625,39911.142857142855,15,9,19,10,4,14,18,19,7,16,18,1,6,5,753,5032,63537,56648,52531,77181,54605,40147,27522,37242,34220,27550,29334,22290,18968,16981
obj_36,138699,1,image,32,41.262742832590995,17,10,17,17,4623.3,126.28571428571429,9.857142857142858,7,1.6273883260974762,-12.75,743.0588235294117,9697.461538461539,8,3,10,2,13,15,18,7,2,9,18,148,927,588,2269,2563,6032,26626,21092,26934,14468,7865,7535,5769,3799,3673,3634,2479,1185,1008
obj_37,653752,2910,video,76,100,19,15,18,18,21791.733333333334,12.357142857142858,12.428571428571429,10.333333333333334,1.6023823206385281,135.25,1334.6315789473683,57126.72727272727,13,1,17,7,5,24,20,15,6,15,15,13,10,12,16,5,938,8950,15276,142932,104582,80398,54336,51242,41234,38083,48620,30061,19758,17148
obj_40,318293,1,document,45,33.40095574385266,13,10,13,13,10609.766666666666,4924.857142857143,7.285714285714286,9.333333333333334,1.3697076949663738,-94.25,744.0769230769231,18154.117647058825,13,13,2,4,7,8,4,1,4,2,6,960,8649,59275,44208,33591,25470,26269,21775,21944,17874,9887,10001,7412,6672,6353,6644,5065,3438,2742
obj_44,582630,3472,video,119,100,19,16,18,18,19421,12.642857142857142,15,9,1.4525391708268898,1468.25,860.4736842105264,51480.09090909091,5,8,14,14,18,26,20,18,18,2,4,1,6,23,5,19,15,2460,13673,106041,82712,52386,50478,44375,56551,41426,47850,32158,30778,21526
obj_51,8311,2,music,37,82.53599838598977,8,4,16,16,277.03333333333336,127.57142857142857,60.142857142857146,16.666666666666668,0.6093663340408345,-33.5,64.375,354.3636363636364,1,21,28,59,78,127,107,94,140,167,200,220,247,297,205,285,297,331,416,378,465,320,417,340,470,563,520,549,505,464
obj_55,5912,6,music,97,98.84742562049472,7,4,18,18,197.06666666666666,95.5,46.142857142857146,12,0.637740259,34,46.142857142857146,243,1,12,23,45,49,86,107,94,90,117,146,179,214,174,148,161,194,178,266,315,279,282,253,225,348,287,496,454,307,382
obj_58,108850,2,image,42,53.963279724071384,10,4,10,10,3628.3333333333335,3692.1428571428573,71.57142857142857,11.333333333333334,1.0766393712380402,7,331.7,5276.65,3,19,12,18,13,147,289,596,631,1589,12439,12214,13245,10475,6702,6406,5428,5516,5149,5871,3796,2524,2457,1920,2237,2209,2520,1845,1290,1290
obj_63,560025,3745,video,46,71.04243988671793,18,9,17,17,18667.5,731.2857142857143,11.571428571428571,9.666666666666666,1.447744059796124,-683.75,2814.8888888888887,42446.416666666664,3,15,11,18,11,2,21,9,19,12,295,1800,3010,5012,9395,5785,17730,7520,91880,108418,61317,38606,42887,34970,28820,32636,28566,19374,10401,11482
obj_67,173782,1044,video,95,57.919582705856904,19,15,18,18,5792.733333333334,13.071428571428571,10.714285714285714,10.333333333333334,2.0065281788317813,265.75,414.4736842105263,15082.454545454546,11,8,12,9,13,12,10,17,16,14,12,8,24,17,15,16,498,1443,5720,52221,38687,15047,14714,11113,9023,7064,8181,4809,2972,2076
obj_69,8093,1,image,88,100,7,4,26,26,269.76666666666665,117.85714285714286,59.857142857142854,15.666666666666666,0.6584297044436787,-54.25,59.857142857142854,333.6521739130435,1,20,26,47,77,120,128,121,132,147,142,197,252,240,224,207,230,262,399,526,425,385,384,373,332,521,660,575,484,456
obj_70,6223,6,music,123,100,9,7,19,19,207.43333333333334,99,51.42857142857143,12.666666666666666,0.6439688648887849,-13.25,59.333333333333336,270.9047619047619,1,12,25,43,65,113,101,90,84,94,144,165,262,187,145,188,183,196,301,308,347,245,244,280,378,366,548,381,396,331
obj_72,8577,2,image,147,96.99438287,8,6,26,26,285.9,136,65.57142857142857,15.666666666666666,0.6491283744619997,36,71.75,363.77272727272725,1,16,30,51,68,148,145,115,153,135,199,251,282,310,214,229,224,303,392,557,450,399,412,332,436,421,694,687,397,526
obj_73,591400,6,music,99,56.10720182063891,19,7,18,18,19713.333333333332,1666,11.857142857142858,14.333333333333334,1.583064268051036,201.5,4589.526315789473,45836.27272727273,16,12,15,4,22,4,10,3,264,946,2637,2314,9855,7222,6725,4959,6305,22736,23152,145048,85816,65158,50732,40362,29488,25260,26043,18838,10438,7016
obj_74,68140,4850,video,83,43.19045912990864,12,1,11,11,2271.3333333333335,2561.3571428571427,175.28571428571428,19.333333333333332,1.5432968608430215,5.25,692.75,3323.722222222222,13,17,28,89,175,306,599,733,1326,1702,967,2358,16174,11372,6445,5295,3497,3571,2576,3276,1947,1267,1042,745,623,540,634,391,247,185
obj_75,5278,2,music,35,100,7,5,25,25,175.93333333333334,85.64285714285714,42.142857142857146,13.666666666666666,0.5998568055185578,6.25,42.142857142857146,216.65217391304347,1,14,26,34,56,75,89,83,100,92,130,127,227,145,154,168,181,167,268,262,287,197,214,247,269,273,356,357,325,354
obj_78,486316,2562,video,112,100,17,14,16,16,16210.533333333333,10.142857142857142,11.571428571428571,4.666666666666667,1.241377282919606,-1038,231.7058823529412,37105.92307692308,2,10,2,2,20,24,21,14,7,11,1,13,6,9,15,747,3035,51425,50118,64506,48287,38952,36377,26366,32315,31966,31348,32198,21510,17009
obj_79,442433,3,music,58,66.88810187763607,16,9,15,15,14747.766666666666,872.6428571428571,12.142857142857142,7.333333333333333,1.2761855333948597,-518.25,2114.875,29185.35714285714,5,7,10,15,17,8,23,14,2,12,470,799,2250,8585,11323,10298,58755,65420,49817,49364,36183,29567,22182,18238,17717,17197,16540,14270,7969,5376
obj_81,264838,3,image,68,87.77548184762544,14,5,14,14,8827.933333333332,1244.7857142857142,27.142857142857142,13.333333333333334,0.8966755970230037,-902.75,1244.7857142857142,15463.1875,15,14,11,11,13,9,117,343,499,1303,1627,3790,4677,4998,21699,19274,18399,21726,19020,20562,19126,10914,12003,12446,12406,14644,17103,11310,9076,7703
obj_85,424089,2131,video,96,45.88213621,12,0,11,11,14136.3,11601.42857142857,1311.7142857142858,88.33333333333333,1.0533149693049617,-252.5,4075.75,20843.333333333332,6,48,211,1055,1091,3712,3059,3893,2390,3872,13131,16441,66591,46920,26808,33645,22062,30703,21445,24572,17024,12631,10961,11230,10028,10907,11254,8456,5037,4906
obj_94,335509,1,image,97,34.39988782612775,10,7,10,10,11183.633333333333,12397.285714285714,15.428571428571429,14,1.2175770627512956,346.5,748,16401.45,18,16,8,12,22,15,17,17,905,6450,42754,43079,46034,34215,22613,18989,17067,15998,15004,17704,9567,6882,7033,4973,5624,5125,6532,3821,2064,2951
obj_96,198730,965,video,135,40.20679294966681,16,11,15,15,6624.333333333333,185.57142857142858,12.857142857142858,9,1.460657645628314,59.5,862.3125,13209.5,4,18,5,21,2,18,22,10,2,6,9,23,368,2090,3980,7219,31435,30037,29044,26271,15755,12583,6632,6926,6400,5568,5374,4286,2608,2014
obj_98,7828,3,music,156,100,9,7,11,11,260.93333333333334,127.5,66.14285714285714,15.333333333333334,0.6145559286450198,1,76,340.1904761904762,1,14,31,47,82,140,148,108,113,138,197,183,334,249,262,267,282,272,272,426,375,268,345,346,436,493,518,654,383,444
obj_100,419772,3251,video,140,65.78947944257514,18,5,17,17,13992.4,1945.0714285714287,39.142857142857146,10.666666666666666,1.4039639102074035,-649.5,3780.1666666666665,29310.75,4,16,12,4,4,26,208,320,1348,1478,1582,5938,6554,9737,11950,4309,5843,18710,75696,75550,47412,27105,25684,22047,17372,18283,16948,11833,7743,6056
obj_103,4709,5,music,169,100,9,7,25,25,156.96666666666667,74.42857142857143,36.42857142857143,11.333333333333334,0.6265459518939981,14,42.55555555555556,206,1,11,22,31,37,82,71,67,61,85,125,114,163,172,149,137,140,207,218,228,203,197,184,195,286,236,399,300,291,297
obj_107,392258,3107,video,98,54.497273051370044,14,11,13,13,13075.266666666666,1187.9285714285713,11.428571428571429,6,1.548893196948852,253.5,1187.9285714285713,23476.6875,2,6,10,20,14,6,22,15,6,16,19,4,3471,13020,82857,57394,46401,34177,38328,37700,19178,13140,11279,8322,6991,5933,6117,3840,2007,1963
obj_112,6005,4,music,97,84.11053593239673,7,4,24,24,200.16666666666666,92.78571428571429,44.142857142857146,10.666666666666666,0.6591603370260102,-2.5,44.142857142857146,247.65217391304347,1,11,20,32,49,95,101,92,85,98,129,128,221,237,155,194,188,187,262,308,248,260,295,253,296,407,515,447,295,396
obj_114,8223,3,music,169,86.00524681319709,8,6,16,16,274.1,128.71428571428572,59.857142857142854,15.666666666666666,0.6090069215472089,-16,64.25,350.40909090909093,1,17,29,65,79,109,119,95,131,170,213,256,252,266,187,282,249,324,386,456,395,410,429,347,431,587,515,557,387,479
obj_118,406593,3,image,50,84.33878936476353,15,3,15,15,13553.1,1638.142857142857,197,12.333333333333334,0.9891616368881444,-693.5,1955,25151.2,4,16,17,10,40,206,1086,980,1451,990,4222,4871,4791,4250,6391,35340,33344,36027,38462,41013,29262,21597,22250,20069,19986,18864,19389,17117,14222,10326
obj_124,156538,1154,video,151,87.21459741330526,12,3,11,11,5217.933333333333,2886.9285714285716,124.42857142857143,9.666666666666666,0.9421954208629862,-321,511.5833333333333,8355.5,5,13,11,21,43,194,584,400,617,858,1137,2256,18400,15878,11456,9757,9327,8842,7831,12250,8259,6237,6357,5595,5377,4964,6927,5621,4509,2812
obj_128,8289,5,music,37,100,8,5,11,11,276.3,129.85714285714286,58.714285714285715,16,0.6501280819399698,17.25,64,353.5,1,19,28,59,77,122,105,101,147,145,166,206,337,305,208,208,236,358,365,473,442,325,404,380,366,418,647,674,423,544
obj_129,4972,2,music,117,100,8,4,24,24,165.73333333333332,75.64285714285714,38.142857142857146,10,0.6215387371725328,-17.25,40.75,211.1818181818182,1,12,17,31,47,74,85,59,87,94,109,137,167,139,144,146,162,168,241,283,208,198,233,247,253,333,339,325,311,322
obj_131,8121,5,music,120,88.34584763088763,9,7,11,11,270.7,122.85714285714286,61,17.333333333333332,0.6020898231269934,-6.5,73.66666666666667,355.14285714285717,1,20,31,51,73,119,132,116,120,130,150,192,329,256,234,263,312,365,401,392,452,395,300,396,509,501,527,476,456,422
obj_132,504050,6,music,117,92.45953192059173,13,7,12,12,16801.666666666668,6042.928571428572,8,9.666666666666666,0.9836771312826716,-847,1765.1538461538462,28300.176470588234,1,19,9,3,8,15,1,10,254,1350,4476,2911,13890,61654,40814,38092,41911,35417,34037,34478,34368,18059,23514,19343,17540,17992,20584,19934,13151,10215
obj_133,341200,2,music,49,53.001840901415925,11,7,10,10,11373.333333333334,14547.42857142857,4.714285714285714,2.6666666666666665,1.6473888135754586,117.5,1696.7272727272727,16975.57894736842,2,5,1,4,5,4,12,12,517,5363,12739,65924,74812,44264,30857,19664,17636,13668,13271,12706,9216,4102,4276,2379,2607,1980,2018,1669,822,665
obj_136,439046,6,music,145,67.54390435617714,19,16,18,18,14634.866666666667,12,11,3.3333333333333335,1.943017185443197,917.5,652.1052631578947,38786.90909090909,1,3,6,15,5,27,20,9,18,3,11,20,10,20,1,11,17,3945,8248,134415,72946,51298,41607,33286,24836,20095,20394,14808,7021,5950
obj_139,426261,4546,video,63,59.80578589731482,17,14,16,16,14208.7,11.642857142857142,9.714285714285714,8,1.6697397293543923,3.75,924.8823529411765,31579.846153846152,3,15,6,14,1,28,1,2,15,14,21,13,22,8,9,1733,13818,86696,78210,59016,54464,32108,26932,18118,14125,12318,10340,8857,5573,3781
obj_143,447603,3,music,92,42.03432305,15,6,14,14,14920.1,3346.214285714286,8.571428571428571,5.666666666666667,1.4148631532937705,113.5,4528.4,25311.8,1,12,4,12,6,3,22,307,1373,1994,2538,13169,11230,16176,21079,90441,55461,46695,48055,39204,31197,17869,14878,10174,7048,5551,4850,4005,2646,1603
obj_155,5187,4,music,131,79.94216896,7,3,18,18,172.9,80.14285714285714,37,9.333333333333334,0.6355050734481046,-19.75,37,214.2608695652174,1,10,17,40,46,66,79,75,66,84,91,130,212,205,150,132,189,191,189,338,291,233,242,205,237,327,351,347,316,327
obj_156,7024,6,music,40,95.89624379689059,8,5,18,18,234.13333333333333,108.64285714285714,54,14,0.6487377445985438,-1.75,57.25,298.45454545454544,1,13,28,53,56,112,115,80,128,126,142,198,221,248,155,231,213,268,260,414,391,282,312,306,414,406,601,533,366,351
obj_172,8303,6,music,138,100,7,5,16,16,276.76666666666665,122.64285714285714,59.142857142857146,16,0.6526734465497929,-15.75,59.142857142857146,343,1,19,28,59,93,103,111,126,129,143,156,219,253,277,256,224,262,369,383,534,414,384,296,322,384,475,732,543,490,518
obj_173,1020853,1,document,53,100,14,12,14,14,34028.433333333334,305.2857142857143,13.285714285714286,10,1.036977760708685,-3313.25,305.2857142857143,63536.1875,16,8,6,11,19,16,17,6,1,19,13,7,27,4108,87881,77444,74442,75766,81168,115950,70422,63830,49508,44365,42013,60205,63922,44340,30192,35131
obj_179,621673,5,music,135,96.22911288637052,17,15,16,16,20722.433333333334,8.928571428571429,8.285714285714286,9,1.4229160601775102,290.25,246,47499.307692307695,18,6,3,9,11,8,3,2,7,17,11,14,3,13,1,4,4052,97063,82722,93668,68870,47305,37304,32705,31646,29532,36192,26801,17318,16365
obj_185,8052,415,video,88,100,7,3,24,24,268.4,118.42857142857143,59.142857142857146,16.666666666666668,0.6393596052708853,-51,59.142857142857146,332.0869565217391,1,20,29,59,73,114,118,126,118,119,196,188,249,248,219,244,215,364,385,434,395,337,379,324,379,562,577,547,527,506
obj_189,509267,336,video,139,37.10582377,14,10,13,13,16975.566666666666,1413.2857142857142,10.428571428571429,11.333333333333334,1.3266021170387965,245,1413.2857142857142,30592.5625,10,11,13,13,11,6,9,2,7,9,6,1727,11121,6841,81811,70949,51213,44585,50346,45714,33881,19912,17214,16444,14384,12583,10104,8988,6087,5266
obj_196,347348,4,music,88,38.49748439294003,17,9,16,16,11578.266666666666,982.7142857142857,5.428571428571429,7,1.593743635167525,204.25,2436.235294117647,23533.23076923077,7,9,5,8,2,4,3,19,4,7,168,1735,4221,7566,4659,13136,9863,67208,58523,57146,40595,19777,15576,10960,9363,7661,8192,5314,3251,2366
obj_197,4946,6,music,37,88.99699752405081,7,5,25,25,164.86666666666667,78.42857142857143,34.857142857142854,10.333333333333334,0.6389482340726784,-6,34.857142857142854,204.43478260869566,1,9,21,36,50,66,61,75,93,98,105,149,168,166,134,142,172,183,194,249,205,210,190,191,271,311,415,339,313,329
obj_201,1010419,1,document,130,100,18,15,18,18,33680.63333333333,11,13.857142857142858,7.666666666666667,1.2949965719741814,2854.5,1119.611111111111,82522.16666666667,13,8,2,10,20,27,17,1,12,5,9,18,4,8,13,12,4058,15916,115475,144902,109586,77157,68295,62616,83450,72757,93358,64581,48682,49407
obj_204,702552,5,music,67,41.31074856,13,10,12,12,23418.4,9004.5,9.142857142857142,5.333333333333333,1.1990358847442448,-1514.25,1191.8461538461538,40415.17647058824,1,6,9,16,14,4,14,15,3,14,2,2498,12898,110569,63285,75702,63891,52725,53665,56142,40078,26422,20211,24616,18746,21140,18836,18769,12962,9299
obj_209,6950,3,music,65,72.27334729582108,8,6,18,18,231.66666666666666,110.35714285714286,57,13.333333333333334,0.6220105775082665,-16,62,293.3636363636364,1,14,25,48,76,113,122,97,120,105,140,171,245,268,218,174,188,239,268,403,409,337,316,353,361,358,533,485,415,348
obj_210,1052445,793,video,60,100,16,5,15,15,35081.5,3203.214285714286,41.57142857142857,9,0.9937766520021508,3911.75,5173.625,69261.92857142857,15,11,1,20,1,12,231,710,1164,3707,2455,5250,17314,13954,18317,19616,87787,88981,93482,106788,81588,61467,65740,57886,60083,53525,67701,58964,38293,47382
obj_211,19109,329,video,143,41.54916031297168,14,2,13,13,636.9666666666667,235.57142857142858,33.285714285714285,14,1.1723743680282064,-29.75,235.57142857142858,988.1875,14,14,14,11,16,102,62,193,124,251,262,629,604,1002,2887,2441,1675,1752,1655,1338,933,691,475,432,345,407,358,203,138,81
obj_213,569272,535,video,101,84.82570663911874,18,15,17,17,18975.733333333334,13.642857142857142,11.571428571428571,12.333333333333334,1.5225510255196333,-1780.5,959.8888888888889,45999.5,1,17,19,6,19,10,9,18,18,2,16,17,27,12,14,5,2717,14351,99502,95856,83236,52292,41752,41825,26431,31780,27838,20605,16325,14552
obj_214,7119,4,music,100,73.34532072491582,7,3,17,17,237.3,109.14285714285714,53.57142857142857,16.666666666666668,0.664041731,5,53.57142857142857,293.2173913043478,1,16,33,48,64,94,119,118,99,113,154,213,237,219,211,218,189,223,327,403,443,322,253,327,365,362,653,564,357,374
obj_217,776625,3792,video,55,91.85482009402328,10,0,9,9,25887.5,18926.85714285714,964.2857142857143,154.66666666666666,0.7925783118251651,661,2577,37542.75,13,51,400,553,792,2358,2583,4277,4363,10380,61064,52883,76168,49091,40997,39686,34795,34180,38430,56408,33052,35108,27076,25079,29787,24586,34404,25476,17571,15014
obj_219,581597,1295,video,51,100,19,17,18,18,19386.566666666666,16.357142857142858,17,12,1.572055282796642,-798.5,278.6842105263158,52391.09090909091,9,16,11,13,18,27,25,16,15,5,12,18,27,17,4,17,4,18,5023,124144,76688,69328,51647,46138,47774,48790,44961,27700,20655,18477
obj_224,7648,6,music,30,100,8,6,17,17,254.93333333333334,118.5,59.42857142857143,17.333333333333332,0.6351098113378426,44.25,64.75,324.09090909090907,1,15,36,47,75,103,139,102,125,113,178,177,260,288,246,215,268,227,363,442,381,358,369,311,434,371,649,553,344,458
obj_238,376205,3,music,47,68.60658510022367,16,13,15,15,12540.166666666666,11.285714285714286,10,7,1.3633217463511984,-443,634.5625,26146.571428571428,1,11,9,12,16,3,18,6,8,18,18,14,16,8,1279,8716,55418,48785,48260,46923,33236,26159,20982,18708,15271,14189,13152,12649,7587,4733
obj_239,5302,3,music,74,57.34391060460666,8,5,18,18,176.73333333333332,83.5,43.857142857142854,13,0.6126231754606863,-27.75,46.125,224.22727272727272,1,12,26,40,56,81,91,62,90,100,112,127,220,151,126,159,156,223,247,343,262,250,273,234,268,377,346,357,257,255
obj_240,8592,2,image,65,72.89642467587807,8,4,26,26,286.4,138.64285714285714,66.85714285714286,18,0.6063411205559757,-33.75,73.375,363.8636363636364,1,15,38,52,94,156,112,119,154,173,209,213,304,301,286,240,321,291,443,522,439,377,343,359,383,435,628,665,501,418
obj_241,233983,5,music,111,55.303329514789496,13,6,12,12,7799.433333333333,5578.857142857143,10.857142857142858,3,1.4504893433407102,76.75,2053.6153846153848,12193.29411764706,1,3,5,19,10,26,12,153,440,898,2908,6894,15328,51407,28671,24726,18385,18623,14560,14330,9224,6951,3922,3565,3482,2940,2452,1919,1182,947
obj_243,675124,3,music,166,60.103635889099124,12,0,11,11,22504.133333333335,13781,1796.7142857142858,111.66666666666667,0.8956066684900336,-717,3969.8333333333335,34860.333333333336,11,67,257,586,1472,4730,5454,3097,4622,7727,3683,15932,80368,64928,51136,37674,34327,38790,38142,47810,36087,27191,22962,22299,22331,24569,27906,20744,15426,14796
obj_253,7101,597,video,98,100,7,5,25,25,236.7,112.42857142857143,51.714285714285715,15,0.6365146281899456,29.75,51.714285714285715,293,1,13,31,38,56,103,120,108,111,138,158,224,222,251,199,187,251,242,293,385,332,290,309,359,415,368,575,578,336,408
obj_254,506870,1,document,66,40.37569187008357,12,2,12,12,16895.666666666668,13998.357142857143,1176.142857142857,11.333333333333334,1.1598294769936324,50.25,4181.583333333333,25371.722222222223,5,14,15,169,522,3040,4468,1849,5388,4818,9211,20680,87826,57972,40184,34537,38444,34011,25718,29721,20316,18111,13905,9025,10120,9458,11232,7210,4681,4220
obj_255,284593,5,music,94,50.396539751493044,14,11,13,13,9486.433333333332,488.2142857142857,14,10,1.278644375,-101.5,488.2142857142857,17359.875,15,10,5,16,17,22,13,9,12,7,6,12,1377,5314,39473,40840,32568,26496,22667,24226,18113,11622,12452,9350,8036,8208,8626,7081,4117,3883
obj_256,386684,1,document,140,58.050126000195725,19,9,19,19,12889.466666666667,331.07142857142856,9.571428571428571,13,1.5165136213647752,749.25,3147.4210526315787,29716.636363636364,9,14,16,14,7,2,5,3,17,2,237,968,1264,2077,5284,7261,8148,16327,18146,87303,58348,40743,31951,23958,22192,17796,18172,14147,6836,5437
obj_263,12828,3435,video,44,62.61301821720451,19,6,18,18,427.6,58.285714285714285,10.571428571428571,4.333333333333333,1.419032252606009,-23.75,143.26315789473685,918.7272727272727,2,6,5,19,2,27,13,13,19,35,70,116,219,270,147,345,327,498,589,2787,1942,1126,971,693,596,607,572,438,229,145
obj_264,73368,2,music,64,46.97860903,11,8,10,10,2445.6,3051.4285714285716,12.857142857142858,6.333333333333333,1.6741326955862412,13.75,173.63636363636363,3760.9473684210525,5,6,8,8,22,21,20,10,12,261,1537,16127,13419,11264,6109,4988,4325,3287,2591,2846,1821,962,840,641,590,485,444,363,203,153
obj_265,86624,5,music,65,67.14752774,14,7,13,13,2887.4666666666667,474.42857142857144,11.714285714285714,7.666666666666667,1.0930797992212737,6.25,474.42857142857144,4998.875,13,2,8,21,11,6,21,19,61,315,262,1514,1346,3043,10458,10075,7981,7874,5599,8145,5414,3691,3355,3218,3325,2994,2604,2383,1586,1280
obj_266,680037,3,music,111,69.43962656280762,11,7,10,10,22667.9,12692.642857142857,9.142857142857142,1.6666666666666667,0.8277821911449686,-923.25,1384.2727272727273,34990,2,1,2,10,11,24,14,6,541,3622,10994,53640,63570,45260,35664,40040,35401,39767,43429,43470,40334,27015,27733,22068,23394,31848,29908,24266,16621,21382
obj_268,976391,3,music,61,80.44865043796585,13,0,12,12,32546.366666666665,15937.142857142857,2373,172.33333333333334,0.9173022794904897,-339.5,8134,51214.64705882353,13,78,426,1460,3113,6616,4905,3777,13227,5333,7587,19279,39928,117378,81633,71388,60259,66350,73237,76524,50619,43388,38972,30756,32067,29488,33636,27577,20657,16720
obj_269,842125,5,music,147,57.06354144274521,14,5,13,13,28070.833333333332,6209.785714285715,37.57142857142857,2.3333333333333335,1.035717982050855,367,6209.785714285715,47199.25,2,2,3,6,19,22,209,550,2667,4321,4765,16219,35847,22305,99253,79502,77955,70143,57204,77076,62342,41013,30103,30120,29405,27503,27904,20643,12728,12294
obj_270,4783,4,music,157,80.09004163687592,8,6,25,25,159.43333333333334,77.71428571428571,38.142857142857146,11.333333333333334,0.6114056221735655,7,41.25,202.4090909090909,1,11,22,34,43,66,90,63,72,86,93,131,190,186,150,127,155,150,172,274,231,222,236,262,287,242,364,314,263,246
obj_271,828188,2,image,96,78.49868324650413,15,5,15,15,27606.266666666666,4368,45.285714285714285,9.666666666666666,0.9944146497384521,-2142.25,5443.933333333333,49768.6,19,8,2,21,1,20,246,981,1440,5142,7875,6401,24224,14772,20507,85594,68602,71904,70676,85822,62205,46072,31339,36763,30623,34230,44085,34340,24618,19656
obj_279,209815,6,music,154,48.58343323210904,13,10,12,12,6993.833333333333,3076,13.571428571428571,4.333333333333333,1.3829190725827887,106.5,275.61538461538464,12131.29411764706,2,4,7,21,20,24,17,18,12,1,16,835,2606,39481,27679,22067,18394,17413,14070,17090,10969,8277,6358,4511,4352,3752,4854,2907,2116,1942
obj_281,480866,6,music,92,53.52164097,14,4,13,13,16028.866666666667,3872.785714285714,92.28571428571429,6,1.016016073066225,-443.75,3872.785714285714,26665.4375,2,9,7,20,19,142,447,987,1453,2302,5982,6078,15386,21385,52820,50182,44046,37259,37714,40018,34033,22463,18936,15947,15223,15062,14422,12492,8983,7047
obj_292,7392,3,music,57,100,7,3,17,17,246.4,128.92857142857142,59.142857142857146,17.333333333333332,0.5720345182934227,-1.5,59.142857142857146,303.39130434782606,1,17,34,46,68,136,112,117,118,152,184,212,309,299,217,202,231,310,344,373,320,338,297,345,435,461,488,460,373,393
obj_295,8446,671,video,83,100,7,3,25,25,281.53333333333336,130.71428571428572,57.142857142857146,15,0.6732271284999316,-14.75,57.142857142857146,349.82608695652175,1,17,27,54,81,106,114,119,127,165,166,192,345,316,182,267,216,243,315,414,470,365,420,399,409,518,749,609,495,545
obj_296,487476,2,music,119,81.13794857736409,16,11,15,15,16249.2,353.5,11.142857142857142,12.666666666666666,1.2286112536148746,-1217,913.1875,33776.07142857143,9,15,14,1,20,2,17,8,13,16,2,16,586,4230,5607,4055,61139,46053,60022,59824,43987,30445,29912,22276,21884,23666,27441,17976,15663,12577
obj_299,72348,2585,video,33,41.23310668756497,10,5,9,9,2411.6,3185.9285714285716,30,9.666666666666666,1.3867534087423188,-2.5,361.8,3436.5,10,15,4,15,6,22,138,395,958,2055,11728,10883,10594,7780,4727,3679,2923,3002,2952,2258,1816,1275,1070,879,734,596,732,424,413,265
obj_302,8271,1,image,148,90.32665007363937,8,5,26,26,275.7,117.64285714285714,58.714285714285715,15.666666666666666,0.6529541935766894,-25,65.75,352.04545454545456,1,19,27,50,83,121,110,115,124,138,198,204,234,223,256,284,275,283,406,485,473,371,334,364,369,439,692,649,487,457
obj_307,669343,275,video,83,79.02610839104024,13,2,12,12,22311.433333333334,8198.571429,553.4285714285714,8.666666666666666,0.8722860365252277,-307,3824.769230769231,36448.294117647056,1,6,19,191,436,1418,1803,1840,4858,4105,6655,8898,19492,65058,51916,47916,47125,47182,41860,54591,39738,26805,27184,30195,24142,24119,30426,26029,18293,17042
obj_308,6323,3,music,56,100,7,3,19,19,210.76666666666668,99.07142857142857,47,13.333333333333334,0.6220058588658021,-19.75,47,260.60869565217394,1,15,24,37,69,95,88,101,106,98,142,186,239,186,182,193,222,200,286,283,344,305,234,260,334,402,448,458,398,387
obj_310,1219060,1347,video,35,64.98072267074004,11,0,10,10,40635.333333333336,26049.714285714286,1880.4285714285713,307,0.8474253391840507,-2847.5,3893.7272727272725,61906.78947368421,6,87,828,1092,2866,4806,3478,2964,9532,7306,9866,104884,131727,85254,68590,70941,66167,64009,58448,80936,65930,42228,44887,46992,35103,48893,58844,41378,29309,31709
obj_311,16941,1,image,150,49.87467238,14,6,14,14,564.7,173.35714285714286,10.714285714285714,4.666666666666667,1.3789546852988106,3.5,173.35714285714286,907.125,8,2,4,20,16,22,3,26,56,99,153,491,700,827,3236,2199,1944,1461,1367,1328,861,582,354,319,217,170,200,129,90,57
obj_314,6215,4,music,124,100,9,5,18,18,207.16666666666666,104.28571428571429,51,13,0.608313318,-21.25,58.55555555555556,270.85714285714283,1,16,22,41,53,109,115,86,84,125,147,154,258,249,177,191,182,239,261,324,266,234,239,289,339,387,460,420,392,355
obj_315,146815,2424,video,101,66.89176060520866,10,4,9,9,4893.833333333333,3634.285714285714,95.71428571428571,9.333333333333334,0.8036841647956932,-138.5,408.1,7136.7,13,9,6,16,19,123,484,819,1441,1151,10688,10849,13431,11831,9500,7402,6597,6931,8122,8472,7402,4709,5414,4213,4912,5083,5626,4819,3558,3175
obj_317,283658,3,music,87,42.998974997436704,13,8,12,12,9455.266666666666,3831.6428571428573,10.571428571428571,14,1.0704200739841365,-131.5,1176.3846153846155,15786.176470588236,12,13,17,4,12,2,14,16,11,259,1741,2990,10202,38350,28514,24563,18492,20849,21042,22710,17752,10133,12204,10797,8887,8952,9615,6220,4873,4412
obj_322,48152,4,music,141,100,17,8,16,16,1605.0666666666666,55.714285714285715,12,6,1.113639252683667,174.75,160.1764705882353,3494.5384615384614,4,5,9,3,12,26,25,10,12,20,56,228,189,181,460,386,1097,4712,4669,5342,4280,3487,3184,2957,3463,2730,3549,3132,1979,1945
obj_324,71857,1,image,84,43.99090606734185,16,9,16,16,2395.233333333333,214.57142857142858,10.285714285714286,12,1.3851493501032481,47.25,352.3125,4730,15,13,8,2,10,15,9,10,4,11,44,358,759,1746,1665,968,10325,11432,8941,9477,5725,4506,2987,2620,2297,2138,2025,1717,1000,1030
obj_325,607716,114,video,77,49.16708385539257,11,8,10,10,20257.2,25503.64285714286,11.142857142857142,3,1.6600412012508516,-181.75,1999.8181818181818,30827.263157894737,2,4,3,10,22,28,9,4,6,3750,18160,119590,133150,82313,47047,41584,27532,28621,22631,22077,16940,9168,8940,6305,4561,4783,4102,3037,1921,1416
obj_333,426712,3237,video,153,32.064969380590014,13,7,12,12,14223.733333333334,8514.928571,14.428571428571429,13.333333333333334,1.4394243649136187,447,2224.846153846154,23399.352941176472,13,11,16,8,4,24,25,16,411,1265,7302,11474,8354,90286,60275,44948,34395,28393,29047,29096,19090,14102,9150,9160,7964,6620,5316,5043,2230,2674
obj_336,611141,3,image,118,49.80754581444729,16,4,16,16,20371.366666666665,3601.5714285714284,203.57142857142858,9,1.2444576842478128,185.5,6032.6875,36758.42857142857,6,14,7,2,13,303,1080,1322,1357,2866,4459,9174,14484,15335,15756,30345,91138,70035,76048,74502,43902,36295,27165,19318,18658,15996,16386,11335,7880,5960
obj_338,379965,327,video,63,65.10491067039364,15,13,14,14,12665.5,11.071428571428571,10.714285714285714,2,1.5714680690170768,-95.25,164.13333333333333,25166.866666666665,1,1,4,8,17,21,23,2,1,16,20,19,9,13,2307,69237,57781,52917,45007,44157,31574,14540,13526,10414,8982,8322,8889,5868,3665,2624
obj_341,7090,4,music,170,53.55367298562434,9,6,18,18,236.33333333333334,109.92857142857143,53.285714285714285,13.666666666666666,0.6163888281957205,39,62.333333333333336,310.9047619047619,1,13,27,45,73,108,106,97,91,141,127,211,258,241,214,242,265,268,262,462,299,332,332,376,431,347,573,420,328,400
obj_342,949015,3,music,128,100,16,3,15,15,31633.833333333332,4342.785714285715,357.2857142857143,12,0.9713378853674618,-2730.75,6051.4375,60870.857142857145,16,15,5,14,127,936,1388,817,3367,5985,4388,6079,16328,21334,10054,25970,80256,83328,59738,84315,96314,62397,53672,58783,46094,52999,59613,52229,33236,29218
obj_347,8476,2,image,107,79.48662573638858,8,6,26,26,282.53333333333336,134.14285714285714,66.85714285714286,20.333333333333332,0.6203860039349999,-69.5,70.5,359.6363636363636,1,20,40,64,97,123,123,96,133,161,209,202,305,304,241,230,302,274,423,567,414,336,406,380,361,590,638,521,482,433
obj_348,275992,3,music,31,42.50911217827215,11,1,10,10,9199.733333333334,8453.142857142857,647.1428571428571,40.333333333333336,1.0460997885945993,46.5,1984.4545454545455,13377,8,11,102,344,533,1238,2294,2315,2611,6202,6171,33942,37926,24647,20680,18271,15171,15498,10634,15927,11450,7449,6128,6093,6423,5864,5914,5689,3415,3042
obj_351,474472,1,document,48,47.75392409465207,13,11,13,13,15815.733333333334,5241.357142857143,8.857142857142858,10.333333333333334,1.1290986890934085,247.75,560.7692307692307,27481.29411764706,6,11,14,4,10,14,3,11,7,4,15,1,7190,66089,49150,43252,42150,33346,33341,36357,29895,21973,18370,13425,15722,13961,19686,12659,9288,8518
obj_352,368536,1,image,82,38.050072219213426,16,9,16,16,12284.533333333333,961,15.142857142857142,12,1.271239155878704,412.75,1836.0625,24225.64285714286,19,9,8,21,22,22,5,15,13,18,374,2120,3570,7238,6837,9086,53770,37899,45028,47988,32747,23819,16181,15931,16604,14140,14348,8997,6260,5447
obj_353,4675,3,music,97,100,7,5,25,25,155.83333333333334,76.5,34.857142857142854,9.333333333333334,0.626918446,12,34.857142857142854,192.65217391304347,1,9,18,35,55,63,63,78,90,79,100,134,160,186,113,117,135,163,174,225,273,173,244,208,269,254,333,344,273,306
obj_358,304868,5,music,67,100,15,2,14,14,10162.266666666666,1766.857142857143,197,11,0.9252825718144387,572.5,1997.9333333333334,18326.6,13,8,12,38,318,384,606,1291,1481,2101,1682,5692,7324,3786,5233,28855,24486,27435,24832,24322,19422,19368,18045,14277,14567,11948,15474,12115,10041,9712
obj_359,581470,5,music,127,61.796325124224836,18,5,17,17,19382.333333333332,2315.4285714285716,37.714285714285715,8.666666666666666,1.3744414580792848,-84.25,5759.611111111111,39816.416666666664,16,7,3,4,8,6,220,525,442,852,5067,2906,7593,14767,6004,16483,19513,29257,94577,96520,82726,41190,33916,28143,23879,23442,21374,16024,8390,7616
obj_361,4564,5,music,174,61.343320230887635,8,5,24,24,152.13333333333333,74.71428571428571,37.714285714285715,9.333333333333334,0.6161861991952282,-26,40.5,192.72727272727272,1,8,19,33,47,78,78,60,67,83,112,103,197,160,120,150,121,172,199,228,273,217,175,201,205,316,335,317,241,248
obj_364,4317,5,music,155,100,7,3,25,25,143.9,66.78571428571429,34,9.333333333333334,0.6616526511017543,-10,34,177.34782608695653,1,9,18,28,46,80,56,72,57,75,84,128,130,151,113,112,155,145,168,227,235,195,155,180,224,244,393,342,257,237
obj_365,4470,6,music,77,82.54587350844015,9,5,28,28,149,71.64285714285714,35.285714285714285,11.333333333333334,0.6089927609871094,2.75,40.77777777777778,195.38095238095238,1,10,23,27,53,63,70,55,65,84,119,140,154,139,128,165,128,181,172,269,211,167,184,198,229,302,305,278,233,317
obj_367,7187,2,music,77,100,8,5,17,17,239.56666666666666,112.85714285714286,54.57142857142857,13.333333333333334,0.6358228384574387,-30.25,60.5,304.6818181818182,1,13,26,50,68,97,127,102,108,114,168,206,281,219,212,254,220,241,349,362,341,257,291,323,317,502,571,529,387,451
obj_378,597705,108,video,49,63.49734141575014,13,4,12,12,19923.5,14101.142857142857,217.57142857142858,15.666666666666666,1.389177285937579,-218.25,5595.2307692307695,30880.41176470588,17,12,18,3,6,476,991,1935,4085,8511,10886,15170,30628,124678,73806,59786,52449,46900,39600,35968,21724,13224,12212,9996,8525,8383,7108,4831,3396,2381
obj_390,329715,3,music,161,71.15080292996147,16,9,15,15,10990.5,776.9285714285714,12.428571428571429,11.333333333333334,1.2861225432270127,573.75,1485.5,21853.35714285714,17,6,11,21,19,12,1,10,2,19,282,599,3988,5890,3728,9163,44171,40860,37488,45666,30134,19821,14384,11678,15650,13130,11958,8986,6123,5898
obj_396,8023,2,image,147,65.13504582423961,8,4,26,26,267.43333333333334,125.21428571428571,58.42857142857143,16.666666666666668,0.638874036,-8.5,62.875,341.8181818181818,1,17,32,50,89,107,113,94,140,148,181,185,301,295,208,265,237,325,277,458,486,394,316,353,343,542,630,527,372,537
obj_401,325765,4,music,155,40.860798329817804,18,6,17,17,10858.833333333334,1383.2142857142858,14,10.333333333333334,1.386511128826208,756.25,3357.6111111111113,22110.666666666668,11,19,1,19,10,24,14,128,218,342,1726,4033,5344,7476,6766,7081,11052,16173,60464,51778,42646,18909,20061,14754,14812,11317,11876,9481,4850,4380
obj_404,222570,3510,video,132,100,16,5,15,15,7419,573.7142857142857,14.285714285714286,9,1.0595527792114343,-509.75,866.1875,14907.92857142857,10,13,4,21,12,10,30,184,578,436,985,1498,2626,1625,2566,3261,20836,19627,16988,24987,22205,12719,13247,11609,12108,12858,13659,12839,8159,6870
obj_405,1190806,2034,video,120,100,13,2,12,12,39693.53333333333,14093.642857142857,1114.2857142857142,9.333333333333334,0.833422237,-1737.25,6693.461538461538,64928.882352941175,4,6,18,129,1276,1102,5265,4448,7226,6572,19258,12593,29118,110296,85939,77123,69339,84811,69544,88198,76965,60010,54085,50980,44404,57724,54870,54370,29381,35752
obj_408,5387,2,music,150,86.71421910316194,8,5,19,19,179.56666666666666,86.64285714285714,42.142857142857146,12.333333333333334,0.6346804155512364,12.75,46,228.13636363636363,1,10,26,35,60,74,89,73,88,95,137,149,170,206,134,149,140,226,206,269,317,246,196,266,321,260,459,373,311,301
obj_422,5775,6,music,172,92.15651728243157,7,3,23,23,192.5,96.35714285714286,44,11.666666666666666,0.6152555425961044,0.5,44,237.69565217391303,1,10,24,32,49,99,93,85,81,117,145,153,240,220,175,188,154,194,204,262,257,276,225,312,313,307,445,356,381,377
obj_425,4563,6,music,174,79.94278156700742,6,3,25,25,152.1,73.57142857142857,37.857142857142854,9.666666666666666,0.6134826922948402,-9,30.333333333333332,182.54166666666666,1,9,19,28,45,80,83,69,68,79,92,139,172,146,99,133,168,166,166,202,215,215,231,238,253,269,354,312,266,246
obj_426,212883,2,music,77,47.292869700192995,16,14,15,15,7096.1,9.571428571428571,8.714285714285714,8.666666666666666,1.5321592205499708,54.5,109.0625,15081.285714285714,18,2,6,1,23,8,3,1,16,2,4,4,26,20,10,1601,36591,34577,28795,28898,17371,11214,11963,8424,8280,7370,7144,4927,3138,2446
obj_432,5814,2,music,154,92.55362590641661,9,5,18,18,193.8,88.85714285714286,41.57142857142857,13.333333333333334,0.6241352062453922,16,49.55555555555556,255.61904761904762,1,14,25,46,45,84,76,76,79,96,142,130,204,226,192,154,214,193,238,374,330,273,281,234,308,326,437,344,295,377
obj_433,6785,6,music,37,97.79688007667137,7,3,17,17,226.16666666666666,104.85714285714286,56,17.666666666666668,0.6404306849653763,-14.5,56,277.95652173913044,1,18,34,47,58,120,114,110,111,112,126,190,219,208,192,206,205,224,358,341,343,272,354,311,315,339,596,535,380,346
obj_435,219532,4958,video,50,85.01545852431533,14,9,13,13,7317.733333333334,516.9285714285714,14.857142857142858,13,1.0753535232683449,57.25,516.9285714285714,13268.4375,7,16,16,14,12,27,12,12,13,11,287,1848,1600,3362,25318,19081,21074,20541,14882,20582,16691,10574,10574,9366,8404,6876,10136,8489,5503,4204
obj_439,3876,3,music,35,92.70889501864842,8,4,25,25,129.2,63.142857142857146,27.285714285714285,9.333333333333334,0.629967566,2.5,30.375,165.13636363636363,1,9,18,23,31,56,53,52,72,70,89,107,153,150,112,112,111,133,151,199,210,163,145,205,192,231,316,275,194,243
obj_443,5996,5,music,82,100,7,4,18,18,199.86666666666667,101.14285714285714,48.42857142857143,11.333333333333334,0.5960394968203693,-47.25,48.42857142857143,245.95652173913044,1,13,20,46,65,97,97,85,113,97,144,161,252,225,197,183,166,220,275,371,244,247,231,310,267,375,415,388,386,305
obj_446,546847,2,image,122,63.303560616754005,15,10,15,15,18228.233333333334,1003.1428571428571,11.142857142857142,8,1.0905139934643495,83.75,1831.9333333333334,34624.53333333333,5,7,12,8,12,12,22,5,15,9,12,791,5172,7962,13435,55501,50467,54000,51677,59508,39667,30061,32167,25594,27467,22494,25281,19574,15274,10636
obj_447,4912,6,music,104,54.59682129741171,17,10,16,16,163.73333333333332,15,8.285714285714286,5.333333333333333,1.4630801802469495,1.25,35.05882352941177,332,10,5,1,19,20,2,1,9,4,9,15,23,45,47,56,104,226,954,660,702,582,303,242,204,169,146,130,110,66,48
obj_448,3869,3,music,67,62.30584313526498,7,4,25,25,128.96666666666667,61.857142857142854,29.142857142857142,9,0.6231342106847142,-1,29.142857142857142,159.34782608695653,1,10,16,22,37,49,69,58,55,79,88,118,162,102,90,115,143,169,167,187,169,175,172,176,196,246,335,243,187,233
obj_451,5818,6,music,106,100,9,7,18,18,193.93333333333334,85.71428571428571,44.142857142857146,14.333333333333334,0.6476021761576324,3.25,51.22222222222222,255.0952380952381,1,13,29,45,50,98,73,70,82,109,113,145,188,184,192,209,200,223,272,367,330,203,236,250,290,326,504,447,260,309
obj_452,191304,6,music,146,49.67585326648759,16,9,15,15,6376.8,538.7857142857143,13.571428571428571,9,1.5343422472287738,-233.75,1099.3125,12408.214285714286,1,18,8,9,18,28,13,16,11,12,331,1296,1050,4732,3617,6429,36969,29442,24080,25581,16874,11182,7070,5359,3882,4152,3358,2733,1849,1184
obj_454,573200,6,music,73,43.70020913040464,10,8,9,9,19106.666666666668,16537.5,12.142857142857142,11,1.011909352246446,123,345.9,28487.05,17,10,6,7,14,28,3,13,11,3350,61871,57611,62974,45610,34662,35117,33757,27954,34759,35128,22461,19284,15841,14080,13113,12511,15554,12522,7521,7411
obj_460,96828,1772,video,62,45.67315113160704,14,1,13,13,3227.6,854.8571428571429,188,17,1.000038310802536,-271,854.8571428571429,5303.75,11,7,33,97,276,424,468,852,623,523,1373,2621,1302,3358,10986,8292,8749,8151,8471,8730,6322,4090,4420,3701,2367,3070,3045,1765,1541,1160
obj_461,1397177,5,music,144,85.88028476989997,12,2,11,11,46572.566666666666,22595.85714285714,900.4285714285714,6,0.8349222872618177,-2293,5303.333333333333,74085.38888888889,9,5,4,213,965,1908,3199,6990,8578,7806,14611,19352,140858,111844,93082,82352,86082,82897,68401,90850,67547,52464,54971,49863,62543,66814,72808,70142,42460,37559
obj_463,436347,929,video,111,43.42028184193821,13,6,12,12,14544.9,9723.857142857143,13.142857142857142,10.333333333333334,1.3996575101727453,348.25,3399.5384615384614,23067.823529411766,2,13,16,9,23,4,25,539,659,5126,10110,12100,15568,91940,52008,44870,41862,28427,30710,27885,18466,14436,9427,7019,6342,5341,5619,3571,1919,2311
obj_464,4383,4,music,123,100,8,5,26,26,146.1,68.35714285714286,33.285714285714285,8.333333333333334,0.620626525,-13.75,35.5,186.3181818181818,1,8,16,34,40,68,66,51,66,76,111,107,149,164,134,146,164,181,180,279,226,166,176,177,196,227,279,351,284,260
obj_473,1172098,4117,video,143,100,13,8,12,12,39069.933333333334,10321.214285714286,10.142857142857142,5.333333333333333,0.9224285294037773,498,2018.3846153846155,67403.47059,1,10,5,6,11,21,17,13,1,1002,5007,8994,11151,118258,80019,84332,68529,69714,81270,96846,81891,55606,53615,59942,59029,57763,60490,45627,36101,36827
obj_484,288953,1,image,61,56.24399293743227,10,7,10,10,9631.766666666666,6919.428571428572,8.285714285714286,6.666666666666667,0.8349089407332297,-544.5,369.6,14262.85,9,2,9,9,6,20,3,10,264,3364,21273,21688,28088,22127,14381,16688,16093,14336,11399,20446,13472,9494,10623,10645,10210,11093,9672,10228,7298,6003
obj_487,219304,2,music,68,66.80595254530338,17,8,16,16,7310.133333333333,545.2142857142857,15,14,1.4018427025424889,245.5,1046.235294117647,15501.384615384615,16,14,12,7,16,22,18,8,11,73,383,839,2798,3416,1420,2920,5813,33158,35905,32288,21111,15363,12867,10195,9659,8778,7584,7111,3699,3800
obj_488,64367,3,music,106,34.639860341703724,14,5,13,13,2145.5666666666666,480.07142857142856,15,12,1.1294224616801716,-10,480.07142857142856,3602.875,9,15,12,11,23,8,27,59,263,422,698,1219,1416,2539,8269,7733,5679,6200,5020,5368,5067,2212,2145,2004,1576,1740,1792,1209,754,878
obj_489,537933,6,music,32,40.665313438545446,17,8,16,16,17931.1,1393.4285714285713,10.285714285714286,10.666666666666666,1.536661000438713,310.75,3844.0588235294117,36352.61538461538,14,8,10,2,16,8,14,1,10,336,1239,2310,10770,4770,15957,11004,18880,103461,88739,80608,58809,36029,25189,18008,14705,13501,15300,8570,4813,4852
obj_492,370412,2,music,61,90.25446102141017,15,3,14,14,12347.066666666668,1956.5,144.71428571428572,12.333333333333334,0.9985585680583804,-624.75,2481.866666666667,22212.266666666666,16,12,9,3,62,300,611,585,1781,1659,2474,3228,6650,10001,9837,33372,31569,34582,34730,39766,24987,20615,18909,17363,12796,14036,18651,14329,9369,8110
obj_495,1128354,1834,video,142,100,13,10,12,12,37611.8,9143.214285714286,6.571428571428571,9.666666666666666,0.9437674143407591,-3244.75,1209,65449.23529411765,11,7,11,2,2,9,4,1,16,14,19,2311,13310,112288,74133,75698,75041,79678,84751,95342,69619,63810,46122,53698,47804,59257,61173,48155,33797,32271
obj_496,396083,1,document,152,38.52558025630681,15,8,15,15,13202.766666666666,1807.0714285714287,10.142857142857142,7,1.3172931158027275,138.25,2535,23870.533333333333,7,4,10,20,1,21,8,11,14,381,785,4015,7536,12486,12726,64239,51792,41169,39172,44716,28509,16562,15981,14330,10188,8767,8012,7459,4015,3147
obj_497,489378,2521,video,92,30.56886307526991,14,9,13,13,16312.6,1763.5714285714287,12,9.666666666666666,1.3200964192159155,446.5,1763.5714285714287,29043,4,9,16,8,17,21,9,16,18,6,928,2795,4388,16455,71671,70305,54452,50723,39536,46110,30683,18783,18019,13905,12066,8617,11936,8095,5725,4062
obj_498,223363,1783,video,132,40.38821648898642,11,0,10,10,7445.433333333333,8536.5,662.2857142857143,68,1.2782377006503216,5.75,2047.7272727272727,10570.421052631578,13,33,158,509,533,1072,2318,3256,4658,4435,5540,35798,35566,25622,19317,13700,11584,9019,9799,9807,6722,3722,4414,2445,2994,2786,3387,1985,1178,993
obj_499,4493,3,music,36,100,7,3,25,25,149.76666666666668,72.14285714285714,35.857142857142854,9.666666666666666,0.6310119869501122,-11,35.857142857142854,184.43478260869566,1,9,19,30,49,78,65,72,63,90,90,110,186,148,151,117,142,184,156,221,189,227,219,197,205,226,356,376,270,247
obj_500,46304,4,music,42,51.931969220981564,12,10,11,11,1543.4666666666667,1251,10,10,1.4365069172604708,-10.75,56.666666666666664,2534.6666666666665,8,11,11,14,4,9,13,19,12,14,12,553,9129,7705,4229,3770,3053,3114,2222,3104,1707,1337,1217,971,937,834,948,601,446,300
obj_503,162744,1424,video,82,38.210957214508404,16,9,15,15,5424.8,503.42857142857144,8.857142857142858,3.6666666666666665,1.5719453329000421,-25,979.25,10505.42857142857,3,7,1,3,17,6,25,6,9,11,141,631,3064,3124,3176,5444,32154,25193,24224,20253,13750,8157,5072,4337,3606,3382,3128,1702,1221,897
obj_506,506213,3,music,86,57.97228942198471,17,5,16,16,16873.766666666666,2119.214285714286,54.42857142857143,15.333333333333334,1.3787126883997822,-215.25,3585.705882352941,34250.46153846154,14,13,19,11,18,12,294,311,556,900,4939,2740,10395,9447,6293,17377,7618,85417,60350,87144,44625,29215,27228,23945,20811,18906,19182,13515,8842,6076
obj_508,628933,1,document,143,54.26383743328142,12,7,12,12,20964.433333333334,19517.071428571428,9.857142857142858,9,1.4648059963969595,-222.5,3512.3333333333335,32599.166666666668,15,7,5,6,8,18,10,18,1026,5241,14188,21606,138014,93077,59942,49679,44185,36872,33181,35908,25814,12921,9708,10671,8675,8210,8559,5368,3678,2323
obj_516,937427,2,music,110,100,18,12,17,17,31247.566666666666,78.57142857142857,11.857142857142858,14,1.2417473116215123,6327.25,2596.1111111111113,74224.75,19,18,5,16,4,12,9,18,10,10,21,1,3,954,3671,7446,15024,19489,108721,118264,109693,73476,63572,66226,64490,50430,84462,70160,34977,46226
obj_521,7381,322,video,133,100,7,4,26,26,246.03333333333333,117.28571428571429,59,17,0.6260550249822688,-8.75,59,302.95652173913044,1,18,32,41,72,124,125,123,96,120,165,203,241,281,178,176,277,263,375,381,315,342,366,336,321,467,499,586,373,484
obj_526,4844,4,music,153,100,7,5,18,18,161.46666666666667,71.5,32,11.333333333333334,0.6523535575787219,8.25,32,200.8695652173913,1,11,22,25,36,66,63,73,75,94,89,128,172,146,130,144,171,142,225,313,262,212,180,214,263,288,343,380,259,317
obj_527,568715,5,music,112,45.04024040968655,14,2,13,13,18957.166666666668,5410.142857142857,940.1428571428571,8.666666666666666,1.0997864064997882,-456.5,5410.142857142857,30810.8125,5,18,3,239,898,956,4462,3784,6887,3168,8188,15701,10617,20816,77195,60232,48916,53034,46931,54531,33047,21222,19114,16012,14295,15020,12528,8289,6854,5753
obj_529,851859,4,music,84,38.23294194,13,10,12,12,28395.3,10512.42857142857,17.285714285714285,14.666666666666666,1.152099759734539,-901.75,1856.8461538461538,48689.41176470588,12,16,16,19,19,14,25,1,18,6,7,4462,19524,123035,97779,79863,67344,64354,59887,65316,46155,38854,32940,31745,20461,22254,27327,22378,14921,13107
obj_530,138139,3,music,56,66.69331882399203,18,16,17,17,4604.633333333333,11.571428571428571,10.285714285714286,8,1.5778794397975138,92,63.166666666666664,11416.833333333334,3,15,6,12,4,24,8,11,8,10,11,4,21,25,9,13,9,944,24635,24118,20995,13522,10822,7357,8162,7844,7572,5179,3373,3423
obj_531,5329,4,music,150,75.59114732928633,8,4,18,18,177.63333333333333,78.28571428571429,41.285714285714285,12.333333333333334,0.6512770526566075,-11.75,45.5,225.6818181818182,1,13,23,40,43,90,79,75,82,93,105,120,159,173,124,141,143,165,260,318,317,232,261,245,271,316,377,389,338,336
obj_533,7760,2,music,141,88.25919772640441,8,4,18,18,258.6666666666667,120.78571428571429,56.57142857142857,16.333333333333332,0.6323701907394335,-4.5,63.5,329.6363636363636,1,18,30,46,69,120,112,112,136,155,149,228,302,213,181,249,239,251,276,385,481,358,348,423,432,511,556,568,375,436
obj_534,8705,2,music,114,46.62923415248911,8,6,11,11,290.1666666666667,133.07142857142858,62.714285714285715,17.666666666666668,0.6535452143016193,-31,67.25,371.22727272727275,1,19,33,46,97,105,138,99,123,133,189,257,320,303,274,278,309,304,416,507,373,288,332,368,503,553,774,603,517,443
obj_536,3700,4,music,124,100,8,6,25,25,123.33333333333333,58.214285714285715,28,8.333333333333334,0.6429729161696351,-16,29.625,157.4090909090909,1,9,15,22,39,62,48,41,54,68,89,97,134,136,102,112,115,154,138,185,158,169,152,154,225,251,331,215,231,193
obj_541,3865,3,music,103,100,9,6,25,25,128.83333333333334,58.785714285714285,32.142857142857146,8,0.6705520868283852,-20.5,36.44444444444444,168.42857142857142,1,8,15,30,35,64,72,52,51,57,74,87,155,122,116,96,115,131,154,195,213,175,148,197,185,214,344,318,247,194
obj_543,867973,1374,video,111,48.2853129,12,0,11,11,28932.433333333334,21987.5,2875.285714285714,116,1.0873651357866285,-2040.25,6109.666666666667,44147.61111111111,17,102,229,1238,3268,6939,8334,5683,10505,7767,6606,22628,130382,104127,75569,62147,53548,54888,47930,60024,36010,22789,22412,22228,18958,23719,21123,17615,12294,8894
obj_550,442310,1,document,175,49.21397836104494,13,8,13,13,14743.666666666666,7203.071428571428,11,8,1.357859818835585,240.75,1306.2307692307693,25019.352941176472,6,1,17,12,2,14,25,6,7,1022,4167,4424,7278,83862,54648,53432,32094,36146,30289,29457,24749,14732,14083,9727,10705,8657,8786,6165,4441,3356
obj_559,5147,5,music,118,93.58493887153267,7,3,24,24,171.56666666666666,83.57142857142857,40.57142857142857,12,0.612592693,-19.25,40.57142857142857,211.43478260869566,1,13,22,33,49,94,72,76,70,84,127,127,225,177,147,128,198,170,229,285,262,232,244,207,275,349,397,317,270,267
obj_560,169106,3,image,53,39.20996882905879,10,0,10,10,5636.866666666667,8377.285714285714,824,158.33333333333334,1.391882783466061,-3,2103.7,7403.45,2,102,371,278,756,1659,2600,2477,5187,7605,29589,24450,24993,17213,8995,9518,5300,5899,4451,5260,3270,2060,1707,1195,1024,976,890,567,386,326
obj_563,5314,3,music,35,75.82637968134394,8,4,25,25,177.13333333333333,88.57142857142857,41.857142857142854,10.666666666666666,0.6076519387688794,-19,45.625,224.95454545454547,1,12,19,39,53,80,89,72,85,91,126,160,215,198,119,184,153,227,199,292,300,233,223,259,282,286,433,324,316,244
obj_565,891004,5,music,31,78.20096049650017,16,7,15,15,29700.133333333335,2620.6428571428573,14.857142857142858,18,1.138721068,-289,4375.1875,58642.92857142857,19,16,19,18,7,2,23,8,146,1933,1285,7526,16900,8787,12223,21091,99401,100316,98368,102342,73623,48121,44302,33773,41266,42448,51208,41311,22248,22274
obj_567,7766,2,music,162,57.11618957295768,7,4,11,11,258.8666666666667,125.42857142857143,63.57142857142857,14.666666666666666,0.6040117387437657,-3.75,63.57142857142857,318.30434782608694,1,15,28,61,72,133,135,121,109,135,156,240,317,233,198,232,223,323,373,475,428,327,316,399,461,376,572,435,486,386
obj_568,8332,418,video,159,94.30423956081798,9,6,25,25,277.73333333333335,129.5,63,15.333333333333334,0.634609024,-39.25,72.55555555555556,365.6666666666667,1,19,26,47,90,113,145,100,112,125,144,240,337,314,251,268,267,331,299,427,430,378,367,409,409,511,728,473,513,458
obj_573,4043,6,music,129,100,8,6,25,25,134.76666666666668,60.785714285714285,31.571428571428573,9,0.6505748058634329,-9.5,34.5,171.22727272727272,1,7,19,27,46,60,61,55,60,62,100,100,145,108,92,124,146,148,148,191,239,180,206,151,242,270,357,222,243,233
obj_576,570051,2092,video,152,52.857251289302724,10,4,9,9,19001.7,26941.785714285714,435.57142857142856,8.666666666666666,1.4858243786728236,134.25,3726.5,26639.3,14,9,3,16,6,792,2209,6106,5930,22180,101690,91891,87288,59051,38932,31269,20655,22233,17204,16095,12030,7944,6294,4695,3698,3094,3530,2458,1401,1334
obj_583,485495,4,music,112,100,19,17,18,18,16183.166666666666,13.285714285714286,11.857142857142858,10,1.5126574685327412,242,393.7894736842105,43455.72727272727,10,5,15,1,2,28,22,15,18,8,15,10,12,25,13,5,10,8,7260,96332,67354,47034,34324,39236,45294,40066,43230,29293,20055,15795
obj_584,597312,3090,video,38,56.34572614132446,13,8,12,12,19910.4,7922.928571428572,12,10.666666666666666,1.0668933202667417,114,2168.3846153846152,33477.82352941176,16,9,7,8,20,16,8,14,15,321,1345,9012,17398,82732,52313,52796,42615,37996,38323,52420,43065,28480,17829,21093,19847,19050,22101,17446,10679,10338
obj_589,5480,3,music,79,99.58263058866875,8,5,25,25,182.66666666666666,84.64285714285714,40.714285714285715,13,0.6379046313650917,21,44.5,232.9090909090909,1,11,27,31,53,90,72,71,85,83,127,157,182,195,190,196,149,180,243,289,244,214,205,263,297,272,437,399,329,388
obj_593,4145,3,music,80,83.08458156700529,8,5,25,25,138.16666666666666,65.64285714285714,31.142857142857142,8.666666666666666,0.6545162303952443,12.5,33.25,176.3181818181818,1,9,16,24,44,72,52,48,68,82,99,116,167,121,95,126,145,155,205,256,225,139,149,205,186,195,363,325,199,258
obj_598,7556,1,image,55,100,9,5,26,26,251.86666666666667,123.07142857142857,62.714285714285715,15,0.6400886031174683,-38.75,71.55555555555556,329.14285714285717,1,15,29,57,85,122,130,103,102,127,178,232,312,230,179,267,207,279,282,455,383,288,355,338,356,504,688,497,381,374
obj_605,74791,2,music,41,36.315574174871344,18,9,17,17,2493.0333333333333,126.28571428571429,10,5,1.5386653366862628,-104.5,595.5555555555555,5339.25,9,1,5,8,22,12,13,8,12,16,40,96,621,905,1051,2290,2036,3575,15521,13400,9083,5790,4894,4165,2651,2789,2720,1430,954,674
obj_607,4831,3,music,57,100,8,4,24,24,161.03333333333333,76.57142857142857,38.42857142857143,10,0.616757435,-21.5,41.625,204.45454545454547,1,9,20,27,52,77,83,64,86,85,87,111,185,185,111,162,169,166,219,235,276,210,202,248,213,322,297,364,271,294
obj_610,6989,2,music,154,100,9,5,18,18,232.96666666666667,108.5,55.285714285714285,16.333333333333332,0.6358005303149479,-4.5,63,305.8095238095238,1,17,31,44,64,118,112,83,97,145,186,174,242,205,176,205,206,284,308,452,398,251,262,374,418,416,467,571,351,331
obj_613,322494,1,document,83,45.09142234111767,18,13,18,18,10749.8,13.714285714285714,14.142857142857142,9.333333333333334,1.5502930565550828,-807.5,1121.9444444444443,25191.583333333332,14,6,8,16,20,14,21,1,16,19,10,20,9,18,532,2782,3754,12935,55963,60808,47395,27892,23563,15665,15290,16073,16418,10379,7650,5203
obj_626,99940,1,image,145,38.076910149644725,10,0,10,10,3331.3333333333335,4332.857142857143,638.8571428571429,47.666666666666664,1.1379891435959244,-35.25,1269.5,4362.25,11,57,75,180,818,1658,1673,1719,2653,3851,14011,11638,12794,9522,5990,5157,4185,4145,3782,4172,2762,1508,1190,1385,1178,1106,1112,723,549,336
obj_631,443000,266,video,89,62.57656193141763,12,2,11,11,14766.666666666666,15349.285714285714,809,12.666666666666666,1.4846845477438404,220.75,3901.8333333333335,22009.88888888889,18,4,16,208,1056,1353,3008,6162,9412,7891,5946,11748,102154,65914,38136,40125,28153,26107,20498,21558,12126,8839,7359,5064,4982,4063,4488,3492,1578,1542
obj_637,6638,2,music,87,100,7,3,18,18,221.26666666666668,102.28571428571429,51.42857142857143,14.666666666666666,0.6406764635316982,-4.5,51.42857142857143,272.95652173913044,1,16,27,36,68,107,105,100,99,103,156,157,234,223,184,206,172,296,310,366,301,231,311,282,311,377,534,495,391,439
obj_645,8037,1,image,162,100,8,5,26,26,267.9,122.85714285714286,62.285714285714285,16.666666666666668,0.6196194631204598,30.25,67.125,340.90909090909093,1,14,35,48,78,112,148,101,125,172,164,225,268,229,236,281,252,315,362,442,436,305,336,360,485,452,659,498,405,493
obj_648,8552,5,music,129,100,7,3,16,16,285.06666666666666,131.14285714285714,59.714285714285715,16.666666666666668,0.6415517381367042,-41.75,59.714285714285715,353.6521739130435,1,15,34,67,75,115,111,122,112,167,215,259,254,289,196,258,301,317,414,533,395,368,294,367,394,587,625,621,510,536
obj_650,5052,3,music,54,96.70792676203912,8,5,18,18,168.4,85.42857142857143,41,12,0.59421721,0.25,44,213.63636363636363,1,12,23,34,43,77,97,65,88,112,108,158,214,164,122,135,157,229,203,345,234,258,208,250,225,285,356,290,249,310
obj_653,129622,2,music,92,100,19,13,18,18,4320.733333333334,11.571428571428571,11.857142857142858,11.666666666666666,1.4508618273186273,196.5,373.6842105263158,11138.363636363636,14,4,17,14,4,16,14,5,6,4,11,12,18,23,69,646,1461,950,3812,24424,18494,12874,11128,10870,10963,9616,8558,7448,4354,3793
obj_658,7382,4,music,161,100,9,7,18,18,246.06666666666666,113.57142857142857,53.285714285714285,16.333333333333332,0.621678171,-22.25,62,324.95238095238096,1,18,30,43,60,112,109,90,95,135,167,165,274,291,243,253,262,241,272,406,397,349,286,332,407,427,557,455,487,418
obj_662,413503,2967,video,60,45.71738860220584,15,9,14,14,13783.433333333332,1155.4285714285713,11.571428571428571,8.666666666666666,1.2526453719530468,-685.75,1777.1333333333334,25789.733333333334,17,8,1,21,23,10,1,1,10,13,232,2110,2433,11296,10481,61236,48827,42215,49445,29552,35430,26266,17936,13901,12207,13150,14006,10063,7206,5406
obj_664,8119,3,image,95,100,7,3,26,26,270.6333333333333,124.14285714285714,57.57142857142857,17.333333333333332,0.6569399708229604,10.75,57.57142857142857,335.4782608695652,1,14,37,57,69,109,116,118,133,134,194,249,240,267,237,253,211,270,290,477,448,296,334,349,485,429,647,636,516,503
obj_667,528030,2,music,173,100,17,11,16,16,17601,223.07142857142858,10,8.666666666666666,1.247517219,-373.25,1297.8235294117646,38920.53846153846,16,7,3,9,17,4,14,14,2,4,6,23,327,2677,2073,8528,8339,62409,61904,72318,56232,35454,29820,32384,31869,33624,28130,27847,16857,17119
obj_675,432199,4,music,89,55.20575858472159,14,2,13,13,14406.633333333333,5530.214285714285,1039.5714285714287,10.333333333333334,1.355632984675113,97.75,5530.214285714285,22173.5,15,4,12,233,724,1863,4426,2194,2781,3959,15139,15581,15603,14889,77971,70470,38822,38425,33552,29036,19059,10354,7799,7207,5690,4588,5410,3446,1829,1118
obj_676,207409,4017,video,165,54.38562584,13,1,12,12,6913.633333333333,5723.214285714285,498.57142857142856,37.333333333333336,1.4961377067131751,95.5,2583.3846153846152,10225,9,10,93,298,635,945,1500,1870,4096,6324,3440,6042,8322,46541,33362,21527,16219,11146,11356,10602,7427,3392,2742,2726,2015,1429,1407,930,604,400
obj_678,435536,5,music,41,36.70868988655914,18,5,17,17,14517.866666666667,1772.7857142857142,19.285714285714285,9.333333333333334,1.512559623,602.75,3363.6666666666665,31249.166666666668,17,1,10,6,13,15,73,457,392,2293,2947,4529,6542,7524,7897,4457,6444,16929,86146,81436,53959,33120,25724,20525,20149,15888,16384,10403,6553,4703
obj_684,119047,3,music,96,96.49818823245107,13,6,12,12,3968.233333333333,1115.0714285714287,12.142857142857142,17.333333333333332,0.8967402114985632,-95.5,307.7692307692308,6767.411764705882,15,19,18,1,23,3,6,82,279,349,686,1392,1128,11610,8093,6286,7379,7758,9848,7502,8505,5356,5646,4887,6023,5564,7425,5901,4052,3211
obj_685,5767,5,music,115,78.15483739,9,6,23,23,192.23333333333332,88.64285714285714,42.57142857142857,14.333333333333334,0.6197030033331092,11.5,50,253.1904761904762,1,15,27,36,65,74,80,69,83,120,154,146,185,186,179,171,229,193,312,277,308,229,273,233,367,310,487,345,312,301
obj_687,412551,3,music,65,38.36245925191031,15,10,14,14,13751.7,1211.857142857143,13.857142857142858,8.666666666666666,1.5476255638685845,538.75,2486.3333333333335,25017.066666666666,6,12,8,7,18,28,18,3,18,10,15,707,4754,11362,20329,84764,59551,49045,46459,46782,23369,16380,12244,10165,8028,5533,5396,3554,2163,1823
obj_689,458739,3,image,33,33.43261585160352,15,13,15,15,15291.3,9.142857142857142,11.714285714285714,6.666666666666667,1.6774594853614784,373.25,274.8666666666667,30307.733333333334,2,16,2,3,17,20,22,10,3,4,6,13,9,1,3995,99306,76888,60567,52013,51222,28833,21471,16223,12344,9887,7560,7491,5937,2854,2020
obj_691,8543,384,video,178,100,8,6,25,25,284.76666666666665,133.64285714285714,65.71428571428571,21,0.6346493916902396,8.75,70.75,362.59090909090907,1,21,41,68,68,141,120,106,154,150,221,185,347,248,209,255,263,319,436,520,409,313,365,387,471,466,740,505,492,522
obj_695,8465,249,video,77,100,7,5,25,25,282.1666666666667,138,61.857142857142854,16.666666666666668,0.6347259255518407,9.75,61.857142857142854,349.2173913043478,1,14,35,62,73,102,146,139,111,176,173,258,317,325,259,202,220,314,306,466,510,320,364,364,461,437,585,666,522,537
obj_699,7216,4,music,105,100,7,4,18,18,240.53333333333333,116.85714285714286,49,14,0.6531139188639377,-15.75,49,298.82608695652175,1,15,26,39,62,106,94,110,118,126,159,201,310,269,204,238,227,248,280,392,298,262,268,390,312,430,652,524,400,455
obj_700,354416,3,image,77,51.49897688259458,13,7,13,13,11813.866666666667,5713.357142857143,12.428571428571429,6,1.1622008049778185,-183.25,1820.6153846153845,19455.764705882353,8,5,5,14,19,16,20,17,470,971,4458,3058,14607,56319,35063,31765,35166,26869,22680,24537,18456,11035,13156,8644,9141,9703,10586,8441,4679,4508
obj_706,461986,3,music,123,54.44051659084855,14,11,13,13,15399.533333333333,1525.357142857143,10.285714285714286,11.333333333333334,1.4891811335039518,137,1525.357142857143,27539.4375,13,19,2,8,16,6,8,18,19,15,3,20,2829,18379,93609,71340,42452,42742,43879,36588,29034,19311,12932,12809,9611,8053,7359,4768,3577,2567
obj_708,704658,5,music,63,100,17,9,16,16,23488.6,952.8571428571429,12.714285714285714,7.666666666666667,1.2404493387964253,-1617.75,2710.176470588235,50660.38461538462,5,13,5,18,7,24,17,11,1,4,484,2191,2709,7851,8459,13778,10496,84119,89093,94710,73377,50541,38858,43711,38227,40278,40611,28874,20303,15883
obj_714,530558,1,document,42,77.18106831199678,16,4,16,16,17685.266666666666,2846.4285714285716,97.28571428571429,7,0.9922735280347577,862.25,3233,34202.142857142855,1,11,9,18,18,82,542,704,1242,1927,4804,7088,11294,12110,3507,8371,45238,48835,42626,56472,45500,31406,27454,24031,30796,29822,34558,25883,16867,19342
obj_722,469455,1,document,135,54.548724927349205,18,7,18,18,15648.5,1309.0714285714287,12.857142857142858,12.333333333333334,1.3582891720126522,-1182.25,3415.1666666666665,33998.5,11,13,13,10,6,27,10,14,149,497,659,2917,7068,6933,5006,6368,7714,24058,80596,77100,49624,34883,34471,27024,22004,24047,23576,15899,10722,8036
obj_723,470867,1,document,168,36.49573628928336,14,7,14,14,15695.566666666668,2707.4285714285716,17.142857142857142,17.333333333333332,1.2478296717748179,933.75,2707.4285714285716,27060.1875,19,14,19,14,14,15,25,11,195,2127,5880,6785,14166,8620,72993,58369,50269,46393,39961,37950,29650,17009,15262,8393,15290,11441,11097,8632,5184,5070
obj_727,393709,3,image,148,81.92764471543353,15,8,15,15,13123.633333333333,1351.142857142857,11,11.666666666666666,0.9931018196801613,282.5,1785.9333333333334,24461.333333333332,13,11,11,2,17,22,1,12,14,168,744,2383,6825,8693,7873,35676,32159,30881,36359,39682,27443,21997,20498,18680,19413,18672,23684,19137,11125,11514
obj_728,690463,3,music,43,89.44652270005008,17,8,16,16,23015.433333333334,1393.142857142857,10.285714285714286,14,1.250955413369756,-169,3198.8823529411766,48929.38461538462,16,18,8,2,13,2,13,18,16,240,1334,3449,8550,5825,5842,18956,10079,86340,100108,84110,72640,45851,43443,35844,35673,34247,36082,24380,19733,17631
obj_733,859096,1001,video,92,82.17056883128481,15,4,14,14,28636.533333333333,4556,214,10,0.9736250656983915,-1758.25,5547.066666666667,51726,17,9,4,16,22,432,998,2175,1990,6674,2851,15390,24471,8735,19422,83458,69518,74076,62026,82698,79895,47211,40837,30585,38735,37776,43014,37081,28486,20494
obj_735,8214,3,music,41,56.87577018380089,7,5,16,16,273.8,123.14285714285714,61.714285714285715,18.333333333333332,0.6486006624392711,-41,61.714285714285715,338.3478260869565,1,19,35,50,87,105,135,137,112,126,177,227,238,275,190,219,282,333,384,383,471,332,354,362,490,522,634,646,510,378
obj_736,209000,4057,video,87,41.94516364874803,12,5,11,11,6966.666666666667,4911.142857142857,29.571428571428573,4.333333333333333,1.065938783756735,-250,1237.0833333333333,10786.388888888889,1,2,10,12,4,12,166,402,1249,1447,4578,6962,30759,23152,17802,15360,12514,14483,12168,12009,9513,6613,6396,6290,5070,5482,5894,4040,3599,3011
obj_737,448771,1032,video,124,59.10106823626571,10,0,9,9,14959.033333333333,19261.64285714286,1693.7142857142858,286.3333333333333,1.285597979246479,-20.75,3498.6,20689.25,16,174,669,669,1552,4316,4460,3136,5452,14542,72366,62591,53810,45910,31821,26476,23075,16736,15713,14750,13439,7483,6277,4356,5001,4678,3750,2673,1643,1237
obj_738,521995,1926,video,112,52.50053338933602,14,8,13,13,17399.833333333332,2446.5,13.428571428571429,17,1.1236635197875056,-726.5,2446.5,30484,19,16,16,3,11,28,1,14,11,256,3101,3560,4479,22736,65699,58078,44775,50040,41382,45138,36531,25873,25400,18604,13140,15738,17926,13234,8247,7939
obj_741,752354,6,music,38,56.78290120907803,15,3,14,14,25078.466666666667,5081.5,511,9,1.1941810725218618,-1672.75,5711.266666666666,44445.666666666664,19,4,4,14,214,918,2404,2472,1931,7779,6799,6026,8830,33727,14528,98425,99171,83702,74212,65686,57546,33739,31683,25342,19617,22580,20274,15898,11269,7541
obj_742,7527,4,music,135,69.27511709,7,3,11,11,250.9,129.07142857142858,61.142857142857146,16.666666666666668,0.5925582844260959,18.5,61.142857142857146,308.6521739130435,1,13,36,52,89,110,127,130,114,139,189,222,319,266,202,237,234,254,344,364,330,270,366,345,410,437,547,515,382,483
obj_743,352405,3,music,178,73.33686541817205,16,4,15,15,11746.833333333334,2015.2142857142858,57.714285714285715,11.666666666666666,1.0630612303082503,-127.5,2872.25,21889.214285714286,4,14,17,3,2,122,242,557,1337,1960,3441,3732,6340,10442,7533,10210,37419,35699,34165,41290,33517,18855,17690,13837,14881,12977,14022,13649,10431,8017
obj_745,256606,3,image,113,75.87164824467953,19,6,19,19,8553.533333333333,619.5714285714286,10.714285714285714,2.3333333333333335,1.3487212182275423,-285.5,1906,20035.636363636364,2,1,4,9,20,21,18,84,221,359,510,2058,3998,1369,3179,2694,6511,5051,10105,47096,38996,23412,18402,16200,17173,16432,17642,9698,8612,6729
obj_746,188625,1,document,92,93.77893887699624,15,11,15,15,6287.5,109.78571428571429,10.285714285714286,11.666666666666666,1.1099254776386376,384,229.46666666666667,12345.533333333333,15,12,8,1,13,22,1,16,7,1,2,10,522,907,1905,19923,21235,16538,18002,16236,14118,11037,10099,8334,10921,9085,10326,8705,5462,5162
obj_747,546526,5,music,40,41.651910632406825,10,4,9,9,18217.533333333333,22517.14285714286,390.7142857142857,11,1.3339379984001083,112.25,2044.1,26304.25,13,3,17,11,10,808,1873,5263,7380,5063,78768,83675,86037,46319,32740,22727,30846,24431,16786,24921,16554,11297,10977,7432,6822,5956,7320,5414,3740,3323
obj_748,8262,3,music,153,100,9,5,16,16,275.4,136.14285714285714,69.85714285714286,19.333333333333332,0.5919432996274735,6.25,79.11111111111111,359.5238095238095,1,19,38,68,84,121,158,100,123,146,211,265,305,267,227,275,238,328,385,532,466,303,407,320,435,499,568,486,399,488
obj_749,245060,1831,video,59,41.179059583686985,12,0,11,11,8168.666666666667,9265.214285714286,1378,90.66666666666667,1.4920632990837257,206.5,2892.9166666666665,11685.833333333334,16,43,213,793,1080,2652,4849,2793,3567,7764,5966,4979,59778,35220,22658,15719,12507,12476,13523,10290,6739,4558,3383,3253,2798,1867,2608,1469,802,697
obj_751,452673,3692,video,162,48.91361333118755,10,5,9,9,15089.1,17385,146.42857142857142,9.333333333333334,1.1863764613599692,258.5,1857,21705.15,7,6,15,15,12,9,961,1262,5524,10759,60031,47756,61545,55488,24947,21227,23341,19978,15180,22257,14929,13002,8648,9122,8780,7106,8016,6166,3612,2972
obj_753,418240,2715,video,123,47.366122466945306,13,1,12,12,13941.333333333334,11496.92857142857,1205,48.333333333333336,1.3352066555356723,98.75,5876.923076923077,20108.235294117647,18,4,123,473,844,4101,2872,4396,3216,6665,14953,21613,17122,84557,49205,48066,30298,29132,21096,24921,13645,9729,7151,5267,4652,4018,4152,2886,1652,1413
obj_758,816621,1,document,163,88.68283658651643,13,4,13,13,27220.7,8726.5,227.57142857142858,10,0.9276990340047688,-887,2849.6923076923076,45857.35294117647,16,9,5,18,8,370,1167,816,1544,3611,10372,6572,12538,85125,66404,56414,49905,57572,53000,74662,47586,35132,40319,32853,34492,33655,42102,29193,22773,18388
obj_760,8108,6,music,36,69.89178843307636,7,3,17,17,270.26666666666665,124.57142857142857,56.42857142857143,15,0.6655893633881799,6,56.42857142857143,335.3478260869565,1,16,28,46,82,105,117,139,113,139,203,257,249,249,226,239,247,283,330,410,379,369,340,372,429,426,740,699,427,448
obj_767,208061,6,music,148,49.064569241543914,13,10,12,12,6935.366666666667,2512.6428571428573,11,11.333333333333334,1.1982416261223865,-245.75,199,12086.70588235294,6,16,12,16,8,3,16,2,4,3,2,600,1899,32590,22160,19569,18927,16708,13379,16126,11613,8127,8336,6689,5499,5882,8340,5525,3302,2702
obj_768,7034,4,music,121,85.22482621746826,7,5,17,17,234.46666666666667,110.21428571428571,52,14.666666666666666,0.6327335219403488,-7.5,52,290,1,15,28,52,54,96,118,102,128,127,158,195,215,254,175,198,175,289,347,320,373,338,312,350,304,366,497,569,423,455
obj_773,7998,2928,video,31,33.481885021477275,17,10,16,16,266.6,24.142857142857142,12.428571428571429,7.333333333333333,1.5095333767723078,6.5,53.64705882352941,545.0769230769231,1,14,7,19,17,26,3,9,15,16,10,16,54,131,150,105,319,1554,1234,1250,781,499,372,309,283,233,262,161,86,62
obj_780,4500,3,music,142,100,9,6,25,25,150,72.35714285714286,34.857142857142854,10,0.6074378492823285,-10.75,39.77777777777778,197.23809523809524,1,9,20,32,36,63,83,52,62,96,80,115,187,177,148,132,119,184,208,261,267,217,210,172,196,256,317,265,259,276
obj_781,159554,2751,video,70,49.48012245366419,13,4,12,12,5318.466666666666,3166,58,17,1.1313605069654267,-23.25,1405.7692307692307,8310.529411764706,14,19,18,10,4,69,272,528,551,2098,2540,5576,6576,26049,16425,14324,13184,9092,12180,9783,8217,5314,4815,4318,3554,3716,4166,2817,1628,1697
obj_783,780136,3209,video,123,49.62005233884322,13,3,12,12,26004.533333333333,14654.285714285714,793.5714285714286,13.666666666666666,1.1250705819176636,-438.25,6151.7692307692305,41186.05882352941,9,19,13,16,328,756,4414,6100,8118,8204,12938,17058,22000,125187,84262,72112,61391,52534,57254,51033,35629,27342,21694,21637,19646,20460,19224,11959,9869,8930
obj_787,7229,717,video,150,87.58277839416813,9,7,25,25,240.96666666666667,114.28571428571429,55,13.666666666666666,0.6347097213758529,-2.25,64.11111111111111,316.76190476190476,1,14,26,49,71,107,117,92,100,137,190,166,287,243,189,252,231,284,311,349,397,299,270,351,312,389,637,420,435,503
obj_788,404300,4828,video,131,87.32030160242756,18,11,17,17,13476.666666666666,185.71428571428572,16.428571428571427,13,1.570097022665752,263,1013.1666666666666,32171.916666666668,12,16,11,19,12,24,21,15,15,4,3,17,477,1954,2600,2243,3115,7679,69385,82044,56306,32547,28725,24024,22044,19070,19418,15868,9277,7355
obj_789,5098,4,music,111,100,7,3,24,24,169.93333333333334,75.14285714285714,37.142857142857146,11,0.6481732809907562,-24,37.142857142857146,210.34782608695653,1,11,21,28,46,86,67,82,85,87,112,113,159,154,133,174,150,187,185,309,264,203,257,263,278,347,396,393,267,240
obj_799,4625,5,music,81,58.62858720416724,8,5,24,24,154.16666666666666,75.28571428571429,34,9,0.6137808680473904,-34.75,37.125,196.72727272727272,1,9,17,35,37,72,67,59,75,97,107,136,173,169,126,162,148,176,201,244,214,161,220,194,232,323,369,271,289,241
obj_802,691104,1,image,30,49.14112974937579,10,0,10,10,23036.8,17785.85714285714,1497.5714285714287,240.66666666666666,0.7453266745512035,-1096.25,3641,32734.7,1,160,561,978,1880,4442,2461,7682,6407,11838,52089,48790,64396,47317,38674,33648,35929,32443,37176,32502,33077,25309,25178,22624,20112,21923,28864,20487,18365,15791
obj_805,309051,3,music,170,33.99729548214188,16,6,15,15,10301.7,1941.2857142857142,12.857142857142858,5,1.4483382444919382,385.5,2989.125,18658.928571428572,2,8,5,12,16,26,21,113,686,1299,1286,4482,9351,9871,4661,15987,55353,49033,33670,38778,28050,14002,10676,7765,6835,4732,4760,3788,2172,1611
obj_807,7136,5,music,47,93.33095516329006,7,5,16,16,237.86666666666667,118.85714285714286,50.285714285714285,15.333333333333334,0.6019544558015812,-10.25,50.285714285714285,294.95652173913044,1,16,29,42,56,98,110,112,131,124,176,226,280,263,233,200,184,319,307,453,417,287,319,333,334,362,565,424,374,361
obj_813,4050,5,music,110,100,7,3,25,25,135,64.42857142857143,32.57142857142857,9,0.6333427188677174,3.75,32.57142857142857,166.17391304347825,1,8,18,29,42,71,59,63,68,61,87,122,136,137,113,128,150,132,176,224,194,199,143,158,234,220,344,322,205,206
obj_814,183374,6,music,110,45.251887796406685,12,3,11,11,6112.466666666666,6386.714285714285,310.42857142857144,7.333333333333333,1.4777058267594891,115,1589.25,9127.944444444445,12,7,3,1,161,718,1271,1657,1213,2853,2387,8788,40258,30085,18525,11357,10135,10685,9832,8318,6724,3518,3164,2291,2508,1879,2182,1227,892,723
obj_816,91375,3,music,126,100,13,0,12,12,3045.8333333333335,1225.2142857142858,214.57142857142858,24.666666666666668,0.7684371898662917,-112,721.7692307692307,4823.058823529412,19,19,36,68,278,458,624,415,803,1023,858,2048,2734,7770,6533,6082,4841,5688,5777,6201,5802,4345,3907,3434,3691,3866,4647,3839,2921,2648
obj_817,618186,505,video,90,78.41401903,17,9,16,16,20606.2,1018.2142857142857,11,5.333333333333333,1.2743495426455531,-364.25,2497.823529411765,44286.38461538462,6,3,7,3,16,24,18,9,8,15,360,1679,3108,8999,3292,4868,20048,76782,83249,87062,60831,46385,33452,32818,34378,34549,30801,26342,15180,13894
obj_826,596579,2,music,30,53.382659809930885,11,4,10,10,19885.966666666667,16138.642857142857,307.57142857142856,13,0.9753984494178766,-823,3239.7272727272725,29523.263157894737,18,17,4,15,10,534,1555,2217,4973,10180,16114,68028,69088,53188,35750,44124,33440,31980,29800,38714,27888,18314,19206,13520,14334,16849,18206,12700,8295,7518
obj_829,521141,1686,video,124,51.99117944730288,12,3,11,11,17371.366666666665,18332.14285714286,788.8571428571429,5,1.5104567654478502,274.25,4307.666666666667,26080.5,10,4,1,12,286,1902,3307,5624,7795,4093,6922,21736,116554,88404,48491,37872,35936,25486,26478,24784,16879,11708,7595,5920,6458,5017,4478,3253,2240,1896
obj_830,7249,5,music,180,100,7,5,17,17,241.63333333333333,114.35714285714286,54.57142857142857,14,0.633917521,-15,54.57142857142857,298.5652173913044,1,15,26,43,77,88,132,108,114,122,136,225,284,230,169,203,203,303,342,414,436,266,313,362,317,413,583,482,403,439
obj_835,343022,2,music,174,96.65630376954647,13,2,12,12,11434.066666666668,4311.785714285715,242.42857142857142,8.333333333333334,0.8418413289313965,128.25,2095.6923076923076,18575.176470588234,1,19,5,38,192,627,815,1240,1644,3441,5574,2684,10964,33121,26207,21238,23400,19336,23209,23606,21222,20076,13824,12206,15660,13628,16856,14266,9721,8202
obj_836,8070,2,music,42,100,7,5,12,12,269,128.14285714285714,62,19,0.6170301986049205,28,62,332,1,17,39,62,90,118,107,137,112,147,162,215,269,318,269,234,215,323,333,551,352,288,384,411,422,442,583,531,403,535
obj_838,87187,2,image,94,100,19,12,19,19,2906.233333333333,17.285714285714285,9.857142857142858,9.333333333333334,1.429692352835717,32.25,361.7894736842105,7301.181818181818,11,16,1,6,12,9,14,16,13,12,20,16,8,88,211,749,1326,879,3467,17100,11614,8493,6997,7176,6476,5812,6486,5006,2844,2309
obj_839,363631,1516,video,113,51.626813046324465,10,0,9,9,12121.033333333333,18120.64285714286,2177.714285714286,251.66666666666666,1.4615075139569562,30.5,4147.5,16107.8,19,174,562,1236,1670,2916,8667,3575,7527,15129,67797,59876,51992,32549,26124,12829,13564,11029,11246,11199,6578,3853,3442,1999,2137,1846,1674,1131,730,561
obj_849,4971,3,music,162,78.00626468531931,7,5,24,24,165.7,81.28571428571429,39.285714285714285,10.333333333333334,0.6147614606987623,-37.5,39.285714285714285,204.17391304347825,1,9,21,27,50,75,92,77,68,85,129,144,187,173,134,155,177,159,256,255,254,170,224,219,237,357,378,338,275,245
obj_852,8482,6,music,93,75.09522264485872,7,3,11,11,282.73333333333335,134.21428571428572,67,20.666666666666668,0.6165533743546032,34,67,348.39130434782606,1,20,41,50,92,111,154,126,119,125,202,234,319,285,248,292,320,297,364,439,425,398,362,373,510,407,754,519,431,464
obj_859,878432,2,image,139,50.935178661634474,12,0,12,12,29281.066666666666,18411.5,2261.714285714286,125.66666666666667,0.9579889224896329,-1083.5,4855.333333333333,45564.88888888889,7,117,253,1422,1385,4840,7808,3859,11020,5046,8414,14093,113804,85693,56505,59492,55679,60679,46914,67065,47169,35847,33119,25500,20534,23167,29949,23669,18542,16841
obj_860,8181,3,image,149,96.72778131314524,9,5,26,26,272.7,119.21428571428571,63.285714285714285,15.666666666666666,0.6505522182460147,-9,71.66666666666667,358.85714285714283,1,17,29,49,80,139,128,99,103,131,137,200,295,261,247,230,242,266,377,509,476,385,403,383,415,400,663,589,489,438
obj_861,618227,3,music,175,48.23270065436827,15,8,14,14,20607.566666666666,1697.4285714285713,13.857142857142858,13,1.2412692528784586,-1161.5,2462.6666666666665,38752.46666666667,12,9,18,7,23,22,6,11,13,627,1844,2836,9466,8870,13176,84271,81511,58587,70066,60568,46731,31007,31612,21898,17877,18844,21510,17450,11517,7838
obj_871,5163,6,music,38,74.37983907918037,7,3,24,24,172.1,76.64285714285714,37,11.333333333333334,0.6183634270720506,-21.25,37,213.2173913043478,1,10,23,33,56,67,69,77,96,79,93,158,156,155,167,172,153,225,226,241,286,217,231,280,231,324,390,325,307,315
obj_873,75338,4,music,71,39.002020029492364,10,3,9,9,2511.266666666667,2930.3571428571427,121.57142857142857,10.333333333333334,1.1633248113321315,21,461.5,3536.15,14,8,9,6,60,162,592,475,1447,1842,9352,8819,10776,7463,4802,4346,3607,2875,3238,3128,2750,1637,1269,1132,1194,1022,1203,898,650,562
obj_876,84787,4,music,133,40.98718545458007,15,11,14,14,2826.233333333333,160,12.571428571428571,5.666666666666667,1.612146150097533,106.5,282.6,5369.866666666667,6,5,6,1,17,28,25,15,19,6,6,19,549,1538,1999,17237,14179,11271,8998,9206,6127,3383,2333,1766,1713,1135,1275,1015,531,379
obj_879,575819,3748,video,147,49.062004502333686,10,0,9,9,19193.966666666667,23205.64285714286,2238.1428571428573,477,1.1835400406632126,106,4189.4,26696.25,17,240,1174,1893,1456,6390,4497,4926,8388,12913,81682,77478,70836,52989,36169,34823,26780,21480,23426,20424,22451,11219,10338,9233,7910,7316,5984,6279,3639,3469
obj_889,7876,3,image,40,88.17201748236022,9,6,26,26,262.53333333333336,126.21428571428571,62.857142857142854,14.666666666666666,0.6419415396130728,-23,72.77777777777777,343.85714285714283,1,16,27,48,68,143,137,110,105,121,197,248,233,313,212,211,214,329,339,513,368,357,296,305,358,535,657,482,424,509
obj_895,31562,3,music,99,44.81942736188673,15,8,14,14,1052.0666666666666,113.14285714285714,8,7.333333333333333,1.3794106000281452,15,158.06666666666666,1946.0666666666666,4,7,11,7,6,18,3,18,9,41,165,205,423,667,787,5564,4280,3901,2915,2985,2569,1369,1120,1041,813,713,886,521,277,237
obj_896,522625,1,document,139,43.460191266670606,17,12,17,17,17420.833333333332,138.78571428571428,13.285714285714286,15.333333333333334,1.514037521768064,-575.25,1840.5294117647059,37795.07692307692,8,19,19,1,18,16,12,3,18,19,18,19,4,1769,3317,4543,21486,93917,76610,82275,60024,31059,37973,26722,17734,19366,17884,13707,7367,6698
obj_898,268644,1,image,115,37.13887755793451,13,7,13,13,8954.8,5066.928571428572,11.428571428571429,10,1.373822700871256,-141,1372.2307692307693,14753.235294117647,17,11,2,21,17,4,8,4,162,590,2632,2947,11424,53098,33271,30107,21737,22978,15210,17502,13725,8145,6800,5480,5380,4613,4965,3639,2743,1412
obj_900,351101,5,music,165,82.09377352,14,7,13,13,11703.366666666667,1138.2857142857142,11.428571428571429,9.666666666666666,1.0086753308896728,87.25,1138.2857142857142,20947.8125,2,8,19,10,19,12,10,11,276,712,2128,2336,3394,6999,35467,28249,28767,31488,26794,33104,25356,20230,16754,13527,13589,15248,16444,13836,7152,9160
obj_903,258910,3,music,173,46.650654106100056,14,8,13,13,8630.333333333334,1375.7142857142858,8.428571428571429,8.666666666666666,1.5673634285366354,135,1375.7142857142858,14978.125,15,5,6,13,1,15,4,5,15,484,1724,4921,6732,5320,53660,40262,36341,25826,19765,20918,13312,7182,5220,3936,3604,2837,2852,1910,1126,899
obj_907,548618,2,music,124,80.23736408589015,14,5,13,13,18287.266666666666,3627.285714285714,26.285714285714285,9,0.9814647954466226,55.75,3627.285714285714,31114.75,1,9,17,15,12,20,110,538,865,2121,4486,5956,19425,17207,55044,51500,45348,40495,43862,53654,35073,26493,23453,16374,21650,20933,22486,19321,11322,10828
obj_909,705399,3,music,144,65.49229690580958,14,2,13,13,23513.3,5184.642857142857,655,16,0.9312067824422535,13.5,5184.642857142857,39550.875,14,15,19,223,605,2438,1271,3667,3748,7504,11941,5324,26894,8922,67766,52704,55259,53785,57156,64698,54638,31286,30733,27179,30067,25556,31356,24284,15402,10945
obj_910,205663,1560,video,119,65.70631925,19,6,18,18,6855.433333333333,635.5,14.571428571428571,10.666666666666666,1.3256012556633043,215.25,1612.3157894736842,15911.727272727272,16,13,3,20,5,28,17,29,92,525,1044,1148,2295,3662,3534,4499,3280,7195,3229,39148,26764,19099,17547,14121,14199,11462,12828,9019,6359,4483
obj_917,125423,2021,video,59,60.701195038359174,14,8,13,13,4180.766666666666,782.2142857142857,16.714285714285715,10,1.252927152334989,128.25,782.2142857142857,7154.5,15,11,4,21,17,27,22,8,13,95,668,1296,3294,5460,19188,14720,12678,12227,10421,11739,9278,4680,4026,3258,3135,2436,2672,1642,1279,1093
obj_919,5389,6,music,39,100,8,5,19,19,179.63333333333333,79.07142857142857,36.714285714285715,10.333333333333334,0.6716307892805062,-23.25,41.75,229.77272727272728,1,11,19,33,54,70,69,77,85,90,117,153,164,164,168,172,156,193,197,276,317,220,249,213,247,379,476,420,280,319
obj_920,8109,3,image,143,98.98275297575485,8,4,26,26,270.3,120.71428571428571,58,16.333333333333332,0.6761584652840085,-20.25,63.125,345.6363636363636,1,20,28,59,72,124,102,99,125,154,195,171,247,293,250,213,227,248,295,364,428,387,300,402,431,560,693,635,469,517
obj_921,62544,4121,video,56,97.71530002358783,14,9,13,13,2084.8,197.57142857142858,10.714285714285714,10.333333333333334,0.9892239256483494,-66,197.57142857142858,3736.125,8,12,11,14,19,3,8,16,18,17,105,301,981,1253,6197,4740,5449,4859,4805,5920,4407,3481,2963,2851,2572,2491,2922,2720,1873,1528
obj_923,526156,2511,video,67,56.10998072208391,14,6,13,13,17538.533333333333,2785.9285714285716,10.285714285714286,9.666666666666666,1.076800578932013,-549.5,2785.9285714285716,30447.0625,11,17,1,2,8,15,18,348,993,1815,2429,7868,13890,11588,61826,61048,45544,49293,42704,36802,37950,26863,22140,14714,17901,20021,18610,14677,8569,8491
obj_931,240538,5,music,105,48.29972546160918,13,1,12,12,8017.933333333333,6415.642857142857,638.7142857142857,21,1.4510157921711586,13.5,2619.3846153846152,12146.235294117647,17,6,40,233,407,1500,2268,2621,2085,4564,2746,6151,11414,55767,27480,23191,20580,18602,16552,13488,8579,5320,3902,3176,2372,2136,2060,1505,979,797
obj_942,8642,5,music,127,100,8,4,16,16,288.06666666666666,127.64285714285714,63.857142857142854,20.666666666666668,0.6321267709631863,-18.25,68.625,367.8636363636364,1,21,40,61,74,134,116,102,143,160,161,211,252,311,283,278,308,313,306,526,397,339,402,452,444,601,664,504,477,561
obj_947,205806,5,music,77,76.31824818080273,10,0,9,9,6860.2,5337.714285714285,512.2857142857143,62.333333333333336,0.773955049,-76.5,871,9854.8,19,25,143,254,268,1080,1797,2210,955,1959,14859,15684,18268,17207,13163,10408,8418,8867,9935,10857,8486,7873,7536,6522,6640,5867,8607,7946,5516,4437
obj_953,448163,6,music,74,49.1355037,15,8,14,14,14938.766666666666,2530.5714285714284,10.285714285714286,11.333333333333334,1.368700015517141,139.5,3510.5333333333333,26367,17,1,16,12,1,9,16,16,11,548,2170,4250,12714,15647,17230,81271,57283,48569,47729,44860,31404,19292,12751,11347,9726,7783,9975,6900,4000,2615
obj_954,78622,3,music,142,100,18,5,17,17,2620.733333333333,212,13.142857142857142,10.666666666666666,1.1918904923804161,-70.5,496.6111111111111,5806.916666666667,7,10,15,1,13,12,34,34,132,174,366,827,891,452,1110,981,1989,1891,9974,10924,9354,4772,5355,4642,4866,4994,4389,5067,2750,2596
obj_956,4704,5,music,161,100,6,2,26,26,156.8,75.92857142857143,37.142857142857146,10.333333333333334,0.606223937,18.75,28.666666666666668,188.83333333333334,1,11,19,27,37,77,88,62,77,95,90,140,177,162,145,126,156,156,176,279,220,213,206,231,285,239,300,314,283,312
obj_959,581152,1,document,77,78.42745994277587,16,10,16,16,19371.733333333334,481.57142857142856,14.428571428571429,10.666666666666666,1.1821260018723065,-2613.25,1268.6875,40060.92857142857,16,6,10,12,18,18,21,18,7,14,10,623,3165,2804,7853,5704,63074,58310,59030,73377,55104,40119,32049,29106,26841,30680,32472,30039,18633,12019
obj_961,361579,3,image,143,55.07252477516279,17,9,17,17,12052.633333333333,621.7857142857143,7.428571428571429,8.666666666666666,1.3285266073810498,956.75,1534.1764705882354,25807.53846153846,11,13,2,3,1,2,20,3,4,12,246,464,3417,4507,4207,7876,5293,50060,50100,51426,40375,24485,23836,17089,17459,13837,20342,12018,7133,7338
obj_962,7862,1,image,76,82.52434629561166,7,4,26,26,262.06666666666666,117.64285714285714,57.142857142857146,16.666666666666668,0.646657547,19,57.142857142857146,324.4347826086956,1,17,32,58,80,98,114,118,115,143,201,169,243,258,236,215,208,266,351,489,476,356,337,324,475,467,644,533,385,453
obj_963,931711,4941,video,88,100,18,6,17,17,31057.033333333333,2359.1428571428573,13.285714285714286,15.333333333333334,1.2187593871303357,127.75,5503.611111111111,69387.16666666667,19,10,17,1,8,24,14,189,887,2093,4523,5100,5830,14313,6012,12464,19662,27899,117757,140613,105239,67167,45972,60046,59023,58463,60584,48559,34636,34587
obj_964,5411,3,music,135,100,8,5,24,24,180.36666666666667,89.28571428571429,43,12.333333333333334,0.6158099807513127,-14.5,47,228.86363636363637,1,12,24,37,48,96,83,75,103,112,134,125,221,179,134,194,150,236,186,300,227,264,201,265,299,359,461,307,288,290
obj_968,135910,1,image,139,29.551205224858258,11,1,11,11,4530.333333333333,5393.357142857143,512.1428571428571,22,1.3150535665275132,33.75,1365.8181818181818,6362.421052631579,16,6,44,308,760,960,1491,1350,1486,3864,4739,21619,23650,15214,10218,8538,6197,7548,6270,5373,4118,2448,2026,1315,1492,1247,1371,1032,660,550
obj_969,472993,3,music,30,38.65387575166193,16,12,15,15,15766.433333333332,99.14285714285714,13.142857142857142,13.666666666666666,1.4560176822727626,469,1383,32204.64285714286,11,15,15,3,23,21,4,8,10,9,16,11,6,1236,3510,17230,81989,59987,57006,65936,51327,25414,22778,18350,17560,13987,14778,10992,6229,4532
obj_975,522934,6,music,100,100,19,14,18,18,17431.133333333335,15.357142857142858,17.428571428571427,12.666666666666666,1.593900552104784,-1313,1267.578947368421,45350,18,14,6,21,12,26,25,17,14,7,21,8,18,8,8,360,2153,8724,12624,113109,93475,47670,37405,41562,34342,35692,37112,28597,16894,12992
obj_976,77051,1,document,178,43.70844515855026,18,14,18,18,2568.366666666667,14.714285714285714,15.857142857142858,17.666666666666668,1.7901781488108308,149,146.83333333333334,6200.666666666667,16,18,19,13,17,27,1,13,3,14,20,23,2,20,16,131,1110,1180,18305,16000,10631,6026,5846,4388,3747,3067,2550,1980,976,892
obj_983,4992,2,music,130,100,7,4,25,25,166.4,82.07142857142857,37.285714285714285,11,0.6233598424825914,-8.5,37.285714285714285,205.69565217391303,1,11,21,27,50,80,71,81,67,102,114,137,201,186,127,157,127,178,246,251,206,210,200,212,263,304,367,340,324,331
obj_984,101733,1,document,83,40.60327126365861,12,5,12,12,3391.1,3728.8571428571427,29.714285714285715,6.666666666666667,1.655658623340027,1.25,752.5,5150.166666666667,13,5,2,16,19,10,143,280,704,1968,2802,3068,25593,17581,9567,9566,6108,5482,4267,4722,2577,1411,1458,940,839,811,730,506,284,261
obj_990,24712,475,video,176,43.45711427710368,10,2,9,9,823.7333333333333,887.5,56.714285714285715,8.666666666666666,1.0470687330402437,-18.25,149.7,1160.75,4,8,14,23,58,152,138,194,223,683,2748,3163,2361,2656,1332,1543,1168,1015,1138,1192,784,583,585,454,460,521,573,413,269,257
obj_993,685413,2516,video,73,100,18,16,17,17,22847.1,12.357142857142858,9.142857142857142,10.666666666666666,1.3862039296089599,-17,218.05555555555554,56790.666666666664,1,16,15,12,6,10,4,13,13,19,11,8,22,23,7,3,10,3732,88392,112468,83928,47289,48292,45444,49584,47173,60363,37240,31897,29418
obj_994,5971,6,music,175,78.99773920870577,8,6,18,18,199.03333333333333,100,51,12,0.6238756669289285,10.5,53.875,251.8181818181818,1,12,23,41,70,104,106,74,112,111,155,169,246,176,182,163,167,232,270,341,261,227,236,256,333,351,556,340,298,358
obj_995,332776,1,document,126,62.63308376,14,11,14,14,11092.533333333333,625.4285714285714,11.142857142857142,4.333333333333333,1.109713676808616,-964.25,625.4285714285714,20251.25,5,5,3,10,16,16,23,10,6,9,14,22,864,7753,36535,30248,29683,32717,29282,35046,19482,21055,13354,12666,11946,13996,13866,8823,8564,6757
